DateKey,Date,Year,Quarter,MonthNumber,MonthName,YearMonth,ISOWeek,ISOYear,WeekStartDate,DayOfWeekNumber,DayOfWeekName,IsWeekend,IsHoliday,HolidayName,IsBusinessDay,BusinessHoursAvailable
20250101,2025-01-01,2025,Q1,1,Jan,2025-01,1,2025,2024-12-30,3,Wed,false,true,Simulated non-working day,false,0
20250102,2025-01-02,2025,Q1,1,Jan,2025-01,1,2025,2024-12-30,4,Thu,false,false,,true,8
20250103,2025-01-03,2025,Q1,1,Jan,2025-01,1,2025,2024-12-30,5,Fri,false,false,,true,8
20250104,2025-01-04,2025,Q1,1,Jan,2025-01,1,2025,2024-12-30,6,Sat,true,false,,false,0
20250105,2025-01-05,2025,Q1,1,Jan,2025-01,1,2025,2024-12-30,7,Sun,true,false,,false,0
20250106,2025-01-06,2025,Q1,1,Jan,2025-01,2,2025,2025-01-06,1,Mon,false,false,,true,8
20250107,2025-01-07,2025,Q1,1,Jan,2025-01,2,2025,2025-01-06,2,Tue,false,false,,true,8
20250108,2025-01-08,2025,Q1,1,Jan,2025-01,2,2025,2025-01-06,3,Wed,false,false,,true,8
20250109,2025-01-09,2025,Q1,1,Jan,2025-01,2,2025,2025-01-06,4,Thu,false,false,,true,8
20250110,2025-01-10,2025,Q1,1,Jan,2025-01,2,2025,2025-01-06,5,Fri,false,false,,true,8
20250111,2025-01-11,2025,Q1,1,Jan,2025-01,2,2025,2025-01-06,6,Sat,true,false,,false,0
20250112,2025-01-12,2025,Q1,1,Jan,2025-01,2,2025,2025-01-06,7,Sun,true,false,,false,0
20250113,2025-01-13,2025,Q1,1,Jan,2025-01,3,2025,2025-01-13,1,Mon,false,false,,true,8
20250114,2025-01-14,2025,Q1,1,Jan,2025-01,3,2025,2025-01-13,2,Tue,false,false,,true,8
20250115,2025-01-15,2025,Q1,1,Jan,2025-01,3,2025,2025-01-13,3,Wed,false,false,,true,8
20250116,2025-01-16,2025,Q1,1,Jan,2025-01,3,2025,2025-01-13,4,Thu,false,false,,true,8
20250117,2025-01-17,2025,Q1,1,Jan,2025-01,3,2025,2025-01-13,5,Fri,false,false,,true,8
20250118,2025-01-18,2025,Q1,1,Jan,2025-01,3,2025,2025-01-13,6,Sat,true,false,,false,0
20250119,2025-01-19,2025,Q1,1,Jan,2025-01,3,2025,2025-01-13,7,Sun,true,false,,false,0
20250120,2025-01-20,2025,Q1,1,Jan,2025-01,4,2025,2025-01-20,1,Mon,false,false,,true,8
20250121,2025-01-21,2025,Q1,1,Jan,2025-01,4,2025,2025-01-20,2,Tue,false,false,,true,8
20250122,2025-01-22,2025,Q1,1,Jan,2025-01,4,2025,2025-01-20,3,Wed,false,false,,true,8
20250123,2025-01-23,2025,Q1,1,Jan,2025-01,4,2025,2025-01-20,4,Thu,false,false,,true,8
20250124,2025-01-24,2025,Q1,1,Jan,2025-01,4,2025,2025-01-20,5,Fri,false,false,,true,8
20250125,2025-01-25,2025,Q1,1,Jan,2025-01,4,2025,2025-01-20,6,Sat,true,false,,false,0
20250126,2025-01-26,2025,Q1,1,Jan,2025-01,4,2025,2025-01-20,7,Sun,true,false,,false,0
20250127,2025-01-27,2025,Q1,1,Jan,2025-01,5,2025,2025-01-27,1,Mon,false,false,,true,8
20250128,2025-01-28,2025,Q1,1,Jan,2025-01,5,2025,2025-01-27,2,Tue,false,false,,true,8
20250129,2025-01-29,2025,Q1,1,Jan,2025-01,5,2025,2025-01-27,3,Wed,false,false,,true,8
20250130,2025-01-30,2025,Q1,1,Jan,2025-01,5,2025,2025-01-27,4,Thu,false,false,,true,8
20250131,2025-01-31,2025,Q1,1,Jan,2025-01,5,2025,2025-01-27,5,Fri,false,false,,true,8
20250201,2025-02-01,2025,Q1,2,Feb,2025-02,5,2025,2025-01-27,6,Sat,true,false,,false,0
20250202,2025-02-02,2025,Q1,2,Feb,2025-02,5,2025,2025-01-27,7,Sun,true,false,,false,0
20250203,2025-02-03,2025,Q1,2,Feb,2025-02,6,2025,2025-02-03,1,Mon,false,true,Simulated non-working day,false,0
20250204,2025-02-04,2025,Q1,2,Feb,2025-02,6,2025,2025-02-03,2,Tue,false,false,,true,8
20250205,2025-02-05,2025,Q1,2,Feb,2025-02,6,2025,2025-02-03,3,Wed,false,false,,true,8
20250206,2025-02-06,2025,Q1,2,Feb,2025-02,6,2025,2025-02-03,4,Thu,false,false,,true,8
20250207,2025-02-07,2025,Q1,2,Feb,2025-02,6,2025,2025-02-03,5,Fri,false,false,,true,8
20250208,2025-02-08,2025,Q1,2,Feb,2025-02,6,2025,2025-02-03,6,Sat,true,false,,false,0
20250209,2025-02-09,2025,Q1,2,Feb,2025-02,6,2025,2025-02-03,7,Sun,true,false,,false,0
20250210,2025-02-10,2025,Q1,2,Feb,2025-02,7,2025,2025-02-10,1,Mon,false,false,,true,8
20250211,2025-02-11,2025,Q1,2,Feb,2025-02,7,2025,2025-02-10,2,Tue,false,false,,true,8
20250212,2025-02-12,2025,Q1,2,Feb,2025-02,7,2025,2025-02-10,3,Wed,false,false,,true,8
20250213,2025-02-13,2025,Q1,2,Feb,2025-02,7,2025,2025-02-10,4,Thu,false,false,,true,8
20250214,2025-02-14,2025,Q1,2,Feb,2025-02,7,2025,2025-02-10,5,Fri,false,false,,true,8
20250215,2025-02-15,2025,Q1,2,Feb,2025-02,7,2025,2025-02-10,6,Sat,true,false,,false,0
20250216,2025-02-16,2025,Q1,2,Feb,2025-02,7,2025,2025-02-10,7,Sun,true,false,,false,0
20250217,2025-02-17,2025,Q1,2,Feb,2025-02,8,2025,2025-02-17,1,Mon,false,false,,true,8
20250218,2025-02-18,2025,Q1,2,Feb,2025-02,8,2025,2025-02-17,2,Tue,false,false,,true,8
20250219,2025-02-19,2025,Q1,2,Feb,2025-02,8,2025,2025-02-17,3,Wed,false,false,,true,8
20250220,2025-02-20,2025,Q1,2,Feb,2025-02,8,2025,2025-02-17,4,Thu,false,false,,true,8
20250221,2025-02-21,2025,Q1,2,Feb,2025-02,8,2025,2025-02-17,5,Fri,false,false,,true,8
20250222,2025-02-22,2025,Q1,2,Feb,2025-02,8,2025,2025-02-17,6,Sat,true,false,,false,0
20250223,2025-02-23,2025,Q1,2,Feb,2025-02,8,2025,2025-02-17,7,Sun,true,false,,false,0
20250224,2025-02-24,2025,Q1,2,Feb,2025-02,9,2025,2025-02-24,1,Mon,false,false,,true,8
20250225,2025-02-25,2025,Q1,2,Feb,2025-02,9,2025,2025-02-24,2,Tue,false,false,,true,8
20250226,2025-02-26,2025,Q1,2,Feb,2025-02,9,2025,2025-02-24,3,Wed,false,false,,true,8
20250227,2025-02-27,2025,Q1,2,Feb,2025-02,9,2025,2025-02-24,4,Thu,false,false,,true,8
20250228,2025-02-28,2025,Q1,2,Feb,2025-02,9,2025,2025-02-24,5,Fri,false,false,,true,8
20250301,2025-03-01,2025,Q1,3,Mar,2025-03,9,2025,2025-02-24,6,Sat,true,false,,false,0
20250302,2025-03-02,2025,Q1,3,Mar,2025-03,9,2025,2025-02-24,7,Sun,true,false,,false,0
20250303,2025-03-03,2025,Q1,3,Mar,2025-03,10,2025,2025-03-03,1,Mon,false,false,,true,8
20250304,2025-03-04,2025,Q1,3,Mar,2025-03,10,2025,2025-03-03,2,Tue,false,false,,true,8
20250305,2025-03-05,2025,Q1,3,Mar,2025-03,10,2025,2025-03-03,3,Wed,false,false,,true,8
20250306,2025-03-06,2025,Q1,3,Mar,2025-03,10,2025,2025-03-03,4,Thu,false,false,,true,8
20250307,2025-03-07,2025,Q1,3,Mar,2025-03,10,2025,2025-03-03,5,Fri,false,false,,true,8
20250308,2025-03-08,2025,Q1,3,Mar,2025-03,10,2025,2025-03-03,6,Sat,true,false,,false,0
20250309,2025-03-09,2025,Q1,3,Mar,2025-03,10,2025,2025-03-03,7,Sun,true,false,,false,0
20250310,2025-03-10,2025,Q1,3,Mar,2025-03,11,2025,2025-03-10,1,Mon,false,false,,true,8
20250311,2025-03-11,2025,Q1,3,Mar,2025-03,11,2025,2025-03-10,2,Tue,false,false,,true,8
20250312,2025-03-12,2025,Q1,3,Mar,2025-03,11,2025,2025-03-10,3,Wed,false,false,,true,8
20250313,2025-03-13,2025,Q1,3,Mar,2025-03,11,2025,2025-03-10,4,Thu,false,false,,true,8
20250314,2025-03-14,2025,Q1,3,Mar,2025-03,11,2025,2025-03-10,5,Fri,false,false,,true,8
20250315,2025-03-15,2025,Q1,3,Mar,2025-03,11,2025,2025-03-10,6,Sat,true,false,,false,0
20250316,2025-03-16,2025,Q1,3,Mar,2025-03,11,2025,2025-03-10,7,Sun,true,false,,false,0
20250317,2025-03-17,2025,Q1,3,Mar,2025-03,12,2025,2025-03-17,1,Mon,false,true,Simulated non-working day,false,0
20250318,2025-03-18,2025,Q1,3,Mar,2025-03,12,2025,2025-03-17,2,Tue,false,false,,true,8
20250319,2025-03-19,2025,Q1,3,Mar,2025-03,12,2025,2025-03-17,3,Wed,false,false,,true,8
20250320,2025-03-20,2025,Q1,3,Mar,2025-03,12,2025,2025-03-17,4,Thu,false,false,,true,8
20250321,2025-03-21,2025,Q1,3,Mar,2025-03,12,2025,2025-03-17,5,Fri,false,false,,true,8
20250322,2025-03-22,2025,Q1,3,Mar,2025-03,12,2025,2025-03-17,6,Sat,true,false,,false,0
20250323,2025-03-23,2025,Q1,3,Mar,2025-03,12,2025,2025-03-17,7,Sun,true,false,,false,0
20250324,2025-03-24,2025,Q1,3,Mar,2025-03,13,2025,2025-03-24,1,Mon,false,false,,true,8
20250325,2025-03-25,2025,Q1,3,Mar,2025-03,13,2025,2025-03-24,2,Tue,false,false,,true,8
20250326,2025-03-26,2025,Q1,3,Mar,2025-03,13,2025,2025-03-24,3,Wed,false,false,,true,8
20250327,2025-03-27,2025,Q1,3,Mar,2025-03,13,2025,2025-03-24,4,Thu,false,false,,true,8
20250328,2025-03-28,2025,Q1,3,Mar,2025-03,13,2025,2025-03-24,5,Fri,false,false,,true,8
20250329,2025-03-29,2025,Q1,3,Mar,2025-03,13,2025,2025-03-24,6,Sat,true,false,,false,0
20250330,2025-03-30,2025,Q1,3,Mar,2025-03,13,2025,2025-03-24,7,Sun,true,false,,false,0
20250331,2025-03-31,2025,Q1,3,Mar,2025-03,14,2025,2025-03-31,1,Mon,false,false,,true,8
20250401,2025-04-01,2025,Q2,4,Apr,2025-04,14,2025,2025-03-31,2,Tue,false,false,,true,8
20250402,2025-04-02,2025,Q2,4,Apr,2025-04,14,2025,2025-03-31,3,Wed,false,false,,true,8
20250403,2025-04-03,2025,Q2,4,Apr,2025-04,14,2025,2025-03-31,4,Thu,false,false,,true,8
20250404,2025-04-04,2025,Q2,4,Apr,2025-04,14,2025,2025-03-31,5,Fri,false,false,,true,8
20250405,2025-04-05,2025,Q2,4,Apr,2025-04,14,2025,2025-03-31,6,Sat,true,false,,false,0
20250406,2025-04-06,2025,Q2,4,Apr,2025-04,14,2025,2025-03-31,7,Sun,true,false,,false,0
20250407,2025-04-07,2025,Q2,4,Apr,2025-04,15,2025,2025-04-07,1,Mon,false,false,,true,8
20250408,2025-04-08,2025,Q2,4,Apr,2025-04,15,2025,2025-04-07,2,Tue,false,false,,true,8
20250409,2025-04-09,2025,Q2,4,Apr,2025-04,15,2025,2025-04-07,3,Wed,false,false,,true,8
20250410,2025-04-10,2025,Q2,4,Apr,2025-04,15,2025,2025-04-07,4,Thu,false,false,,true,8
20250411,2025-04-11,2025,Q2,4,Apr,2025-04,15,2025,2025-04-07,5,Fri,false,false,,true,8
20250412,2025-04-12,2025,Q2,4,Apr,2025-04,15,2025,2025-04-07,6,Sat,true,false,,false,0
20250413,2025-04-13,2025,Q2,4,Apr,2025-04,15,2025,2025-04-07,7,Sun,true,false,,false,0
20250414,2025-04-14,2025,Q2,4,Apr,2025-04,16,2025,2025-04-14,1,Mon,false,false,,true,8
20250415,2025-04-15,2025,Q2,4,Apr,2025-04,16,2025,2025-04-14,2,Tue,false,false,,true,8
20250416,2025-04-16,2025,Q2,4,Apr,2025-04,16,2025,2025-04-14,3,Wed,false,false,,true,8
20250417,2025-04-17,2025,Q2,4,Apr,2025-04,16,2025,2025-04-14,4,Thu,false,false,,true,8
20250418,2025-04-18,2025,Q2,4,Apr,2025-04,16,2025,2025-04-14,5,Fri,false,false,,true,8
20250419,2025-04-19,2025,Q2,4,Apr,2025-04,16,2025,2025-04-14,6,Sat,true,false,,false,0
20250420,2025-04-20,2025,Q2,4,Apr,2025-04,16,2025,2025-04-14,7,Sun,true,false,,false,0
20250421,2025-04-21,2025,Q2,4,Apr,2025-04,17,2025,2025-04-21,1,Mon,false,false,,true,8
20250422,2025-04-22,2025,Q2,4,Apr,2025-04,17,2025,2025-04-21,2,Tue,false,false,,true,8
20250423,2025-04-23,2025,Q2,4,Apr,2025-04,17,2025,2025-04-21,3,Wed,false,false,,true,8
20250424,2025-04-24,2025,Q2,4,Apr,2025-04,17,2025,2025-04-21,4,Thu,false,false,,true,8
20250425,2025-04-25,2025,Q2,4,Apr,2025-04,17,2025,2025-04-21,5,Fri,false,false,,true,8
20250426,2025-04-26,2025,Q2,4,Apr,2025-04,17,2025,2025-04-21,6,Sat,true,false,,false,0
20250427,2025-04-27,2025,Q2,4,Apr,2025-04,17,2025,2025-04-21,7,Sun,true,false,,false,0
20250428,2025-04-28,2025,Q2,4,Apr,2025-04,18,2025,2025-04-28,1,Mon,false,false,,true,8
20250429,2025-04-29,2025,Q2,4,Apr,2025-04,18,2025,2025-04-28,2,Tue,false,false,,true,8
20250430,2025-04-30,2025,Q2,4,Apr,2025-04,18,2025,2025-04-28,3,Wed,false,false,,true,8
20250501,2025-05-01,2025,Q2,5,May,2025-05,18,2025,2025-04-28,4,Thu,false,true,Simulated non-working day,false,0
20250502,2025-05-02,2025,Q2,5,May,2025-05,18,2025,2025-04-28,5,Fri,false,false,,true,8
20250503,2025-05-03,2025,Q2,5,May,2025-05,18,2025,2025-04-28,6,Sat,true,false,,false,0
20250504,2025-05-04,2025,Q2,5,May,2025-05,18,2025,2025-04-28,7,Sun,true,false,,false,0
20250505,2025-05-05,2025,Q2,5,May,2025-05,19,2025,2025-05-05,1,Mon,false,false,,true,8
20250506,2025-05-06,2025,Q2,5,May,2025-05,19,2025,2025-05-05,2,Tue,false,false,,true,8
20250507,2025-05-07,2025,Q2,5,May,2025-05,19,2025,2025-05-05,3,Wed,false,false,,true,8
20250508,2025-05-08,2025,Q2,5,May,2025-05,19,2025,2025-05-05,4,Thu,false,false,,true,8
20250509,2025-05-09,2025,Q2,5,May,2025-05,19,2025,2025-05-05,5,Fri,false,false,,true,8
20250510,2025-05-10,2025,Q2,5,May,2025-05,19,2025,2025-05-05,6,Sat,true,false,,false,0
20250511,2025-05-11,2025,Q2,5,May,2025-05,19,2025,2025-05-05,7,Sun,true,false,,false,0
20250512,2025-05-12,2025,Q2,5,May,2025-05,20,2025,2025-05-12,1,Mon,false,false,,true,8
20250513,2025-05-13,2025,Q2,5,May,2025-05,20,2025,2025-05-12,2,Tue,false,false,,true,8
20250514,2025-05-14,2025,Q2,5,May,2025-05,20,2025,2025-05-12,3,Wed,false,false,,true,8
20250515,2025-05-15,2025,Q2,5,May,2025-05,20,2025,2025-05-12,4,Thu,false,false,,true,8
20250516,2025-05-16,2025,Q2,5,May,2025-05,20,2025,2025-05-12,5,Fri,false,false,,true,8
20250517,2025-05-17,2025,Q2,5,May,2025-05,20,2025,2025-05-12,6,Sat,true,false,,false,0
20250518,2025-05-18,2025,Q2,5,May,2025-05,20,2025,2025-05-12,7,Sun,true,false,,false,0
20250519,2025-05-19,2025,Q2,5,May,2025-05,21,2025,2025-05-19,1,Mon,false,false,,true,8
20250520,2025-05-20,2025,Q2,5,May,2025-05,21,2025,2025-05-19,2,Tue,false,false,,true,8
20250521,2025-05-21,2025,Q2,5,May,2025-05,21,2025,2025-05-19,3,Wed,false,false,,true,8
20250522,2025-05-22,2025,Q2,5,May,2025-05,21,2025,2025-05-19,4,Thu,false,false,,true,8
20250523,2025-05-23,2025,Q2,5,May,2025-05,21,2025,2025-05-19,5,Fri,false,false,,true,8
20250524,2025-05-24,2025,Q2,5,May,2025-05,21,2025,2025-05-19,6,Sat,true,false,,false,0
20250525,2025-05-25,2025,Q2,5,May,2025-05,21,2025,2025-05-19,7,Sun,true,false,,false,0
20250526,2025-05-26,2025,Q2,5,May,2025-05,22,2025,2025-05-26,1,Mon,false,false,,true,8
20250527,2025-05-27,2025,Q2,5,May,2025-05,22,2025,2025-05-26,2,Tue,false,false,,true,8
20250528,2025-05-28,2025,Q2,5,May,2025-05,22,2025,2025-05-26,3,Wed,false,false,,true,8
20250529,2025-05-29,2025,Q2,5,May,2025-05,22,2025,2025-05-26,4,Thu,false,false,,true,8
20250530,2025-05-30,2025,Q2,5,May,2025-05,22,2025,2025-05-26,5,Fri,false,false,,true,8
20250531,2025-05-31,2025,Q2,5,May,2025-05,22,2025,2025-05-26,6,Sat,true,false,,false,0
20250601,2025-06-01,2025,Q2,6,Jun,2025-06,22,2025,2025-05-26,7,Sun,true,false,,false,0
20250602,2025-06-02,2025,Q2,6,Jun,2025-06,23,2025,2025-06-02,1,Mon,false,false,,true,8
20250603,2025-06-03,2025,Q2,6,Jun,2025-06,23,2025,2025-06-02,2,Tue,false,false,,true,8
20250604,2025-06-04,2025,Q2,6,Jun,2025-06,23,2025,2025-06-02,3,Wed,false,false,,true,8
20250605,2025-06-05,2025,Q2,6,Jun,2025-06,23,2025,2025-06-02,4,Thu,false,false,,true,8
20250606,2025-06-06,2025,Q2,6,Jun,2025-06,23,2025,2025-06-02,5,Fri,false,false,,true,8
20250607,2025-06-07,2025,Q2,6,Jun,2025-06,23,2025,2025-06-02,6,Sat,true,false,,false,0
20250608,2025-06-08,2025,Q2,6,Jun,2025-06,23,2025,2025-06-02,7,Sun,true,false,,false,0
20250609,2025-06-09,2025,Q2,6,Jun,2025-06,24,2025,2025-06-09,1,Mon,false,false,,true,8
20250610,2025-06-10,2025,Q2,6,Jun,2025-06,24,2025,2025-06-09,2,Tue,false,false,,true,8
20250611,2025-06-11,2025,Q2,6,Jun,2025-06,24,2025,2025-06-09,3,Wed,false,false,,true,8
20250612,2025-06-12,2025,Q2,6,Jun,2025-06,24,2025,2025-06-09,4,Thu,false,false,,true,8
20250613,2025-06-13,2025,Q2,6,Jun,2025-06,24,2025,2025-06-09,5,Fri,false,false,,true,8
20250614,2025-06-14,2025,Q2,6,Jun,2025-06,24,2025,2025-06-09,6,Sat,true,false,,false,0
20250615,2025-06-15,2025,Q2,6,Jun,2025-06,24,2025,2025-06-09,7,Sun,true,false,,false,0
20250616,2025-06-16,2025,Q2,6,Jun,2025-06,25,2025,2025-06-16,1,Mon,false,false,,true,8
20250617,2025-06-17,2025,Q2,6,Jun,2025-06,25,2025,2025-06-16,2,Tue,false,false,,true,8
20250618,2025-06-18,2025,Q2,6,Jun,2025-06,25,2025,2025-06-16,3,Wed,false,false,,true,8
20250619,2025-06-19,2025,Q2,6,Jun,2025-06,25,2025,2025-06-16,4,Thu,false,false,,true,8
20250620,2025-06-20,2025,Q2,6,Jun,2025-06,25,2025,2025-06-16,5,Fri,false,false,,true,8
20250621,2025-06-21,2025,Q2,6,Jun,2025-06,25,2025,2025-06-16,6,Sat,true,false,,false,0
20250622,2025-06-22,2025,Q2,6,Jun,2025-06,25,2025,2025-06-16,7,Sun,true,false,,false,0
20250623,2025-06-23,2025,Q2,6,Jun,2025-06,26,2025,2025-06-23,1,Mon,false,false,,true,8
20250624,2025-06-24,2025,Q2,6,Jun,2025-06,26,2025,2025-06-23,2,Tue,false,false,,true,8
20250625,2025-06-25,2025,Q2,6,Jun,2025-06,26,2025,2025-06-23,3,Wed,false,false,,true,8
20250626,2025-06-26,2025,Q2,6,Jun,2025-06,26,2025,2025-06-23,4,Thu,false,false,,true,8
20250627,2025-06-27,2025,Q2,6,Jun,2025-06,26,2025,2025-06-23,5,Fri,false,false,,true,8
20250628,2025-06-28,2025,Q2,6,Jun,2025-06,26,2025,2025-06-23,6,Sat,true,false,,false,0
20250629,2025-06-29,2025,Q2,6,Jun,2025-06,26,2025,2025-06-23,7,Sun,true,false,,false,0
20250630,2025-06-30,2025,Q2,6,Jun,2025-06,27,2025,2025-06-30,1,Mon,false,false,,true,8
20250701,2025-07-01,2025,Q3,7,Jul,2025-07,27,2025,2025-06-30,2,Tue,false,false,,true,8
20250702,2025-07-02,2025,Q3,7,Jul,2025-07,27,2025,2025-06-30,3,Wed,false,false,,true,8
20250703,2025-07-03,2025,Q3,7,Jul,2025-07,27,2025,2025-06-30,4,Thu,false,false,,true,8
20250704,2025-07-04,2025,Q3,7,Jul,2025-07,27,2025,2025-06-30,5,Fri,false,false,,true,8
20250705,2025-07-05,2025,Q3,7,Jul,2025-07,27,2025,2025-06-30,6,Sat,true,false,,false,0
20250706,2025-07-06,2025,Q3,7,Jul,2025-07,27,2025,2025-06-30,7,Sun,true,false,,false,0
20250707,2025-07-07,2025,Q3,7,Jul,2025-07,28,2025,2025-07-07,1,Mon,false,false,,true,8
20250708,2025-07-08,2025,Q3,7,Jul,2025-07,28,2025,2025-07-07,2,Tue,false,false,,true,8
20250709,2025-07-09,2025,Q3,7,Jul,2025-07,28,2025,2025-07-07,3,Wed,false,false,,true,8
20250710,2025-07-10,2025,Q3,7,Jul,2025-07,28,2025,2025-07-07,4,Thu,false,false,,true,8
20250711,2025-07-11,2025,Q3,7,Jul,2025-07,28,2025,2025-07-07,5,Fri,false,false,,true,8
20250712,2025-07-12,2025,Q3,7,Jul,2025-07,28,2025,2025-07-07,6,Sat,true,false,,false,0
20250713,2025-07-13,2025,Q3,7,Jul,2025-07,28,2025,2025-07-07,7,Sun,true,false,,false,0
20250714,2025-07-14,2025,Q3,7,Jul,2025-07,29,2025,2025-07-14,1,Mon,false,false,,true,8
20250715,2025-07-15,2025,Q3,7,Jul,2025-07,29,2025,2025-07-14,2,Tue,false,false,,true,8
20250716,2025-07-16,2025,Q3,7,Jul,2025-07,29,2025,2025-07-14,3,Wed,false,false,,true,8
20250717,2025-07-17,2025,Q3,7,Jul,2025-07,29,2025,2025-07-14,4,Thu,false,false,,true,8
20250718,2025-07-18,2025,Q3,7,Jul,2025-07,29,2025,2025-07-14,5,Fri,false,false,,true,8
20250719,2025-07-19,2025,Q3,7,Jul,2025-07,29,2025,2025-07-14,6,Sat,true,false,,false,0
20250720,2025-07-20,2025,Q3,7,Jul,2025-07,29,2025,2025-07-14,7,Sun,true,false,,false,0
20250721,2025-07-21,2025,Q3,7,Jul,2025-07,30,2025,2025-07-21,1,Mon,false,false,,true,8
20250722,2025-07-22,2025,Q3,7,Jul,2025-07,30,2025,2025-07-21,2,Tue,false,false,,true,8
20250723,2025-07-23,2025,Q3,7,Jul,2025-07,30,2025,2025-07-21,3,Wed,false,false,,true,8
20250724,2025-07-24,2025,Q3,7,Jul,2025-07,30,2025,2025-07-21,4,Thu,false,false,,true,8
20250725,2025-07-25,2025,Q3,7,Jul,2025-07,30,2025,2025-07-21,5,Fri,false,false,,true,8
20250726,2025-07-26,2025,Q3,7,Jul,2025-07,30,2025,2025-07-21,6,Sat,true,false,,false,0
20250727,2025-07-27,2025,Q3,7,Jul,2025-07,30,2025,2025-07-21,7,Sun,true,false,,false,0
20250728,2025-07-28,2025,Q3,7,Jul,2025-07,31,2025,2025-07-28,1,Mon,false,false,,true,8
20250729,2025-07-29,2025,Q3,7,Jul,2025-07,31,2025,2025-07-28,2,Tue,false,false,,true,8
20250730,2025-07-30,2025,Q3,7,Jul,2025-07,31,2025,2025-07-28,3,Wed,false,false,,true,8
20250731,2025-07-31,2025,Q3,7,Jul,2025-07,31,2025,2025-07-28,4,Thu,false,false,,true,8
20250801,2025-08-01,2025,Q3,8,Aug,2025-08,31,2025,2025-07-28,5,Fri,false,false,,true,8
20250802,2025-08-02,2025,Q3,8,Aug,2025-08,31,2025,2025-07-28,6,Sat,true,false,,false,0
20250803,2025-08-03,2025,Q3,8,Aug,2025-08,31,2025,2025-07-28,7,Sun,true,false,,false,0
20250804,2025-08-04,2025,Q3,8,Aug,2025-08,32,2025,2025-08-04,1,Mon,false,false,,true,8
20250805,2025-08-05,2025,Q3,8,Aug,2025-08,32,2025,2025-08-04,2,Tue,false,false,,true,8
20250806,2025-08-06,2025,Q3,8,Aug,2025-08,32,2025,2025-08-04,3,Wed,false,false,,true,8
20250807,2025-08-07,2025,Q3,8,Aug,2025-08,32,2025,2025-08-04,4,Thu,false,false,,true,8
20250808,2025-08-08,2025,Q3,8,Aug,2025-08,32,2025,2025-08-04,5,Fri,false,false,,true,8
20250809,2025-08-09,2025,Q3,8,Aug,2025-08,32,2025,2025-08-04,6,Sat,true,false,,false,0
20250810,2025-08-10,2025,Q3,8,Aug,2025-08,32,2025,2025-08-04,7,Sun,true,false,,false,0
20250811,2025-08-11,2025,Q3,8,Aug,2025-08,33,2025,2025-08-11,1,Mon,false,false,,true,8
20250812,2025-08-12,2025,Q3,8,Aug,2025-08,33,2025,2025-08-11,2,Tue,false,false,,true,8
20250813,2025-08-13,2025,Q3,8,Aug,2025-08,33,2025,2025-08-11,3,Wed,false,false,,true,8
20250814,2025-08-14,2025,Q3,8,Aug,2025-08,33,2025,2025-08-11,4,Thu,false,false,,true,8
20250815,2025-08-15,2025,Q3,8,Aug,2025-08,33,2025,2025-08-11,5,Fri,false,false,,true,8
20250816,2025-08-16,2025,Q3,8,Aug,2025-08,33,2025,2025-08-11,6,Sat,true,false,,false,0
20250817,2025-08-17,2025,Q3,8,Aug,2025-08,33,2025,2025-08-11,7,Sun,true,false,,false,0
20250818,2025-08-18,2025,Q3,8,Aug,2025-08,34,2025,2025-08-18,1,Mon,false,false,,true,8
20250819,2025-08-19,2025,Q3,8,Aug,2025-08,34,2025,2025-08-18,2,Tue,false,false,,true,8
20250820,2025-08-20,2025,Q3,8,Aug,2025-08,34,2025,2025-08-18,3,Wed,false,false,,true,8
20250821,2025-08-21,2025,Q3,8,Aug,2025-08,34,2025,2025-08-18,4,Thu,false,false,,true,8
20250822,2025-08-22,2025,Q3,8,Aug,2025-08,34,2025,2025-08-18,5,Fri,false,false,,true,8
20250823,2025-08-23,2025,Q3,8,Aug,2025-08,34,2025,2025-08-18,6,Sat,true,false,,false,0
20250824,2025-08-24,2025,Q3,8,Aug,2025-08,34,2025,2025-08-18,7,Sun,true,false,,false,0
20250825,2025-08-25,2025,Q3,8,Aug,2025-08,35,2025,2025-08-25,1,Mon,false,false,,true,8
20250826,2025-08-26,2025,Q3,8,Aug,2025-08,35,2025,2025-08-25,2,Tue,false,false,,true,8
20250827,2025-08-27,2025,Q3,8,Aug,2025-08,35,2025,2025-08-25,3,Wed,false,false,,true,8
20250828,2025-08-28,2025,Q3,8,Aug,2025-08,35,2025,2025-08-25,4,Thu,false,false,,true,8
20250829,2025-08-29,2025,Q3,8,Aug,2025-08,35,2025,2025-08-25,5,Fri,false,false,,true,8
20250830,2025-08-30,2025,Q3,8,Aug,2025-08,35,2025,2025-08-25,6,Sat,true,false,,false,0
20250831,2025-08-31,2025,Q3,8,Aug,2025-08,35,2025,2025-08-25,7,Sun,true,false,,false,0
20250901,2025-09-01,2025,Q3,9,Sep,2025-09,36,2025,2025-09-01,1,Mon,false,false,,true,8
20250902,2025-09-02,2025,Q3,9,Sep,2025-09,36,2025,2025-09-01,2,Tue,false,false,,true,8
20250903,2025-09-03,2025,Q3,9,Sep,2025-09,36,2025,2025-09-01,3,Wed,false,false,,true,8
20250904,2025-09-04,2025,Q3,9,Sep,2025-09,36,2025,2025-09-01,4,Thu,false,false,,true,8
20250905,2025-09-05,2025,Q3,9,Sep,2025-09,36,2025,2025-09-01,5,Fri,false,false,,true,8
20250906,2025-09-06,2025,Q3,9,Sep,2025-09,36,2025,2025-09-01,6,Sat,true,false,,false,0
20250907,2025-09-07,2025,Q3,9,Sep,2025-09,36,2025,2025-09-01,7,Sun,true,false,,false,0
20250908,2025-09-08,2025,Q3,9,Sep,2025-09,37,2025,2025-09-08,1,Mon,false,false,,true,8
20250909,2025-09-09,2025,Q3,9,Sep,2025-09,37,2025,2025-09-08,2,Tue,false,false,,true,8
20250910,2025-09-10,2025,Q3,9,Sep,2025-09,37,2025,2025-09-08,3,Wed,false,false,,true,8
20250911,2025-09-11,2025,Q3,9,Sep,2025-09,37,2025,2025-09-08,4,Thu,false,false,,true,8
20250912,2025-09-12,2025,Q3,9,Sep,2025-09,37,2025,2025-09-08,5,Fri,false,false,,true,8
20250913,2025-09-13,2025,Q3,9,Sep,2025-09,37,2025,2025-09-08,6,Sat,true,false,,false,0
20250914,2025-09-14,2025,Q3,9,Sep,2025-09,37,2025,2025-09-08,7,Sun,true,false,,false,0
20250915,2025-09-15,2025,Q3,9,Sep,2025-09,38,2025,2025-09-15,1,Mon,false,false,,true,8
20250916,2025-09-16,2025,Q3,9,Sep,2025-09,38,2025,2025-09-15,2,Tue,false,true,Simulated non-working day,false,0
20250917,2025-09-17,2025,Q3,9,Sep,2025-09,38,2025,2025-09-15,3,Wed,false,false,,true,8
20250918,2025-09-18,2025,Q3,9,Sep,2025-09,38,2025,2025-09-15,4,Thu,false,false,,true,8
20250919,2025-09-19,2025,Q3,9,Sep,2025-09,38,2025,2025-09-15,5,Fri,false,false,,true,8
20250920,2025-09-20,2025,Q3,9,Sep,2025-09,38,2025,2025-09-15,6,Sat,true,false,,false,0
20250921,2025-09-21,2025,Q3,9,Sep,2025-09,38,2025,2025-09-15,7,Sun,true,false,,false,0
20250922,2025-09-22,2025,Q3,9,Sep,2025-09,39,2025,2025-09-22,1,Mon,false,false,,true,8
20250923,2025-09-23,2025,Q3,9,Sep,2025-09,39,2025,2025-09-22,2,Tue,false,false,,true,8
20250924,2025-09-24,2025,Q3,9,Sep,2025-09,39,2025,2025-09-22,3,Wed,false,false,,true,8
20250925,2025-09-25,2025,Q3,9,Sep,2025-09,39,2025,2025-09-22,4,Thu,false,false,,true,8
20250926,2025-09-26,2025,Q3,9,Sep,2025-09,39,2025,2025-09-22,5,Fri,false,false,,true,8
20250927,2025-09-27,2025,Q3,9,Sep,2025-09,39,2025,2025-09-22,6,Sat,true,false,,false,0
20250928,2025-09-28,2025,Q3,9,Sep,2025-09,39,2025,2025-09-22,7,Sun,true,false,,false,0
20250929,2025-09-29,2025,Q3,9,Sep,2025-09,40,2025,2025-09-29,1,Mon,false,false,,true,8
20250930,2025-09-30,2025,Q3,9,Sep,2025-09,40,2025,2025-09-29,2,Tue,false,false,,true,8
20251001,2025-10-01,2025,Q4,10,Oct,2025-10,40,2025,2025-09-29,3,Wed,false,false,,true,8
20251002,2025-10-02,2025,Q4,10,Oct,2025-10,40,2025,2025-09-29,4,Thu,false,false,,true,8
20251003,2025-10-03,2025,Q4,10,Oct,2025-10,40,2025,2025-09-29,5,Fri,false,false,,true,8
20251004,2025-10-04,2025,Q4,10,Oct,2025-10,40,2025,2025-09-29,6,Sat,true,false,,false,0
20251005,2025-10-05,2025,Q4,10,Oct,2025-10,40,2025,2025-09-29,7,Sun,true,false,,false,0
20251006,2025-10-06,2025,Q4,10,Oct,2025-10,41,2025,2025-10-06,1,Mon,false,false,,true,8
20251007,2025-10-07,2025,Q4,10,Oct,2025-10,41,2025,2025-10-06,2,Tue,false,false,,true,8
20251008,2025-10-08,2025,Q4,10,Oct,2025-10,41,2025,2025-10-06,3,Wed,false,false,,true,8
20251009,2025-10-09,2025,Q4,10,Oct,2025-10,41,2025,2025-10-06,4,Thu,false,false,,true,8
20251010,2025-10-10,2025,Q4,10,Oct,2025-10,41,2025,2025-10-06,5,Fri,false,false,,true,8
20251011,2025-10-11,2025,Q4,10,Oct,2025-10,41,2025,2025-10-06,6,Sat,true,false,,false,0
20251012,2025-10-12,2025,Q4,10,Oct,2025-10,41,2025,2025-10-06,7,Sun,true,false,,false,0
20251013,2025-10-13,2025,Q4,10,Oct,2025-10,42,2025,2025-10-13,1,Mon,false,false,,true,8
20251014,2025-10-14,2025,Q4,10,Oct,2025-10,42,2025,2025-10-13,2,Tue,false,false,,true,8
20251015,2025-10-15,2025,Q4,10,Oct,2025-10,42,2025,2025-10-13,3,Wed,false,false,,true,8
20251016,2025-10-16,2025,Q4,10,Oct,2025-10,42,2025,2025-10-13,4,Thu,false,false,,true,8
20251017,2025-10-17,2025,Q4,10,Oct,2025-10,42,2025,2025-10-13,5,Fri,false,false,,true,8
20251018,2025-10-18,2025,Q4,10,Oct,2025-10,42,2025,2025-10-13,6,Sat,true,false,,false,0
20251019,2025-10-19,2025,Q4,10,Oct,2025-10,42,2025,2025-10-13,7,Sun,true,false,,false,0
20251020,2025-10-20,2025,Q4,10,Oct,2025-10,43,2025,2025-10-20,1,Mon,false,false,,true,8
20251021,2025-10-21,2025,Q4,10,Oct,2025-10,43,2025,2025-10-20,2,Tue,false,false,,true,8
20251022,2025-10-22,2025,Q4,10,Oct,2025-10,43,2025,2025-10-20,3,Wed,false,false,,true,8
20251023,2025-10-23,2025,Q4,10,Oct,2025-10,43,2025,2025-10-20,4,Thu,false,false,,true,8
20251024,2025-10-24,2025,Q4,10,Oct,2025-10,43,2025,2025-10-20,5,Fri,false,false,,true,8
20251025,2025-10-25,2025,Q4,10,Oct,2025-10,43,2025,2025-10-20,6,Sat,true,false,,false,0
20251026,2025-10-26,2025,Q4,10,Oct,2025-10,43,2025,2025-10-20,7,Sun,true,false,,false,0
20251027,2025-10-27,2025,Q4,10,Oct,2025-10,44,2025,2025-10-27,1,Mon,false,false,,true,8
20251028,2025-10-28,2025,Q4,10,Oct,2025-10,44,2025,2025-10-27,2,Tue,false,false,,true,8
20251029,2025-10-29,2025,Q4,10,Oct,2025-10,44,2025,2025-10-27,3,Wed,false,false,,true,8
20251030,2025-10-30,2025,Q4,10,Oct,2025-10,44,2025,2025-10-27,4,Thu,false,false,,true,8
20251031,2025-10-31,2025,Q4,10,Oct,2025-10,44,2025,2025-10-27,5,Fri,false,false,,true,8
20251101,2025-11-01,2025,Q4,11,Nov,2025-11,44,2025,2025-10-27,6,Sat,true,false,,false,0
20251102,2025-11-02,2025,Q4,11,Nov,2025-11,44,2025,2025-10-27,7,Sun,true,false,,false,0
20251103,2025-11-03,2025,Q4,11,Nov,2025-11,45,2025,2025-11-03,1,Mon,false,false,,true,8
20251104,2025-11-04,2025,Q4,11,Nov,2025-11,45,2025,2025-11-03,2,Tue,false,false,,true,8
20251105,2025-11-05,2025,Q4,11,Nov,2025-11,45,2025,2025-11-03,3,Wed,false,false,,true,8
20251106,2025-11-06,2025,Q4,11,Nov,2025-11,45,2025,2025-11-03,4,Thu,false,false,,true,8
20251107,2025-11-07,2025,Q4,11,Nov,2025-11,45,2025,2025-11-03,5,Fri,false,false,,true,8
20251108,2025-11-08,2025,Q4,11,Nov,2025-11,45,2025,2025-11-03,6,Sat,true,false,,false,0
20251109,2025-11-09,2025,Q4,11,Nov,2025-11,45,2025,2025-11-03,7,Sun,true,false,,false,0
20251110,2025-11-10,2025,Q4,11,Nov,2025-11,46,2025,2025-11-10,1,Mon,false,false,,true,8
20251111,2025-11-11,2025,Q4,11,Nov,2025-11,46,2025,2025-11-10,2,Tue,false,false,,true,8
20251112,2025-11-12,2025,Q4,11,Nov,2025-11,46,2025,2025-11-10,3,Wed,false,false,,true,8
20251113,2025-11-13,2025,Q4,11,Nov,2025-11,46,2025,2025-11-10,4,Thu,false,false,,true,8
20251114,2025-11-14,2025,Q4,11,Nov,2025-11,46,2025,2025-11-10,5,Fri,false,false,,true,8
20251115,2025-11-15,2025,Q4,11,Nov,2025-11,46,2025,2025-11-10,6,Sat,true,false,,false,0
20251116,2025-11-16,2025,Q4,11,Nov,2025-11,46,2025,2025-11-10,7,Sun,true,false,,false,0
20251117,2025-11-17,2025,Q4,11,Nov,2025-11,47,2025,2025-11-17,1,Mon,false,true,Simulated non-working day,false,0
20251118,2025-11-18,2025,Q4,11,Nov,2025-11,47,2025,2025-11-17,2,Tue,false,false,,true,8
20251119,2025-11-19,2025,Q4,11,Nov,2025-11,47,2025,2025-11-17,3,Wed,false,false,,true,8
20251120,2025-11-20,2025,Q4,11,Nov,2025-11,47,2025,2025-11-17,4,Thu,false,false,,true,8
20251121,2025-11-21,2025,Q4,11,Nov,2025-11,47,2025,2025-11-17,5,Fri,false,false,,true,8
20251122,2025-11-22,2025,Q4,11,Nov,2025-11,47,2025,2025-11-17,6,Sat,true,false,,false,0
20251123,2025-11-23,2025,Q4,11,Nov,2025-11,47,2025,2025-11-17,7,Sun,true,false,,false,0
20251124,2025-11-24,2025,Q4,11,Nov,2025-11,48,2025,2025-11-24,1,Mon,false,false,,true,8
20251125,2025-11-25,2025,Q4,11,Nov,2025-11,48,2025,2025-11-24,2,Tue,false,false,,true,8
20251126,2025-11-26,2025,Q4,11,Nov,2025-11,48,2025,2025-11-24,3,Wed,false,false,,true,8
20251127,2025-11-27,2025,Q4,11,Nov,2025-11,48,2025,2025-11-24,4,Thu,false,false,,true,8
20251128,2025-11-28,2025,Q4,11,Nov,2025-11,48,2025,2025-11-24,5,Fri,false,false,,true,8
20251129,2025-11-29,2025,Q4,11,Nov,2025-11,48,2025,2025-11-24,6,Sat,true,false,,false,0
20251130,2025-11-30,2025,Q4,11,Nov,2025-11,48,2025,2025-11-24,7,Sun,true,false,,false,0
20251201,2025-12-01,2025,Q4,12,Dec,2025-12,49,2025,2025-12-01,1,Mon,false,false,,true,8
20251202,2025-12-02,2025,Q4,12,Dec,2025-12,49,2025,2025-12-01,2,Tue,false,false,,true,8
20251203,2025-12-03,2025,Q4,12,Dec,2025-12,49,2025,2025-12-01,3,Wed,false,false,,true,8
20251204,2025-12-04,2025,Q4,12,Dec,2025-12,49,2025,2025-12-01,4,Thu,false,false,,true,8
20251205,2025-12-05,2025,Q4,12,Dec,2025-12,49,2025,2025-12-01,5,Fri,false,false,,true,8
20251206,2025-12-06,2025,Q4,12,Dec,2025-12,49,2025,2025-12-01,6,Sat,true,false,,false,0
20251207,2025-12-07,2025,Q4,12,Dec,2025-12,49,2025,2025-12-01,7,Sun,true,false,,false,0
20251208,2025-12-08,2025,Q4,12,Dec,2025-12,50,2025,2025-12-08,1,Mon,false,false,,true,8
20251209,2025-12-09,2025,Q4,12,Dec,2025-12,50,2025,2025-12-08,2,Tue,false,false,,true,8
20251210,2025-12-10,2025,Q4,12,Dec,2025-12,50,2025,2025-12-08,3,Wed,false,false,,true,8
20251211,2025-12-11,2025,Q4,12,Dec,2025-12,50,2025,2025-12-08,4,Thu,false,false,,true,8
20251212,2025-12-12,2025,Q4,12,Dec,2025-12,50,2025,2025-12-08,5,Fri,false,false,,true,8
20251213,2025-12-13,2025,Q4,12,Dec,2025-12,50,2025,2025-12-08,6,Sat,true,false,,false,0
20251214,2025-12-14,2025,Q4,12,Dec,2025-12,50,2025,2025-12-08,7,Sun,true,false,,false,0
20251215,2025-12-15,2025,Q4,12,Dec,2025-12,51,2025,2025-12-15,1,Mon,false,false,,true,8
20251216,2025-12-16,2025,Q4,12,Dec,2025-12,51,2025,2025-12-15,2,Tue,false,false,,true,8
20251217,2025-12-17,2025,Q4,12,Dec,2025-12,51,2025,2025-12-15,3,Wed,false,false,,true,8
20251218,2025-12-18,2025,Q4,12,Dec,2025-12,51,2025,2025-12-15,4,Thu,false,false,,true,8
20251219,2025-12-19,2025,Q4,12,Dec,2025-12,51,2025,2025-12-15,5,Fri,false,false,,true,8
20251220,2025-12-20,2025,Q4,12,Dec,2025-12,51,2025,2025-12-15,6,Sat,true,false,,false,0
20251221,2025-12-21,2025,Q4,12,Dec,2025-12,51,2025,2025-12-15,7,Sun,true,false,,false,0
20251222,2025-12-22,2025,Q4,12,Dec,2025-12,52,2025,2025-12-22,1,Mon,false,false,,true,8
20251223,2025-12-23,2025,Q4,12,Dec,2025-12,52,2025,2025-12-22,2,Tue,false,false,,true,8
20251224,2025-12-24,2025,Q4,12,Dec,2025-12,52,2025,2025-12-22,3,Wed,false,false,,true,8
20251225,2025-12-25,2025,Q4,12,Dec,2025-12,52,2025,2025-12-22,4,Thu,false,true,Simulated non-working day,false,0
20251226,2025-12-26,2025,Q4,12,Dec,2025-12,52,2025,2025-12-22,5,Fri,false,false,,true,8
20251227,2025-12-27,2025,Q4,12,Dec,2025-12,52,2025,2025-12-22,6,Sat,true,false,,false,0
20251228,2025-12-28,2025,Q4,12,Dec,2025-12,52,2025,2025-12-22,7,Sun,true,false,,false,0
20251229,2025-12-29,2025,Q4,12,Dec,2025-12,1,2026,2025-12-29,1,Mon,false,false,,true,8
20251230,2025-12-30,2025,Q4,12,Dec,2025-12,1,2026,2025-12-29,2,Tue,false,false,,true,8
20251231,2025-12-31,2025,Q4,12,Dec,2025-12,1,2026,2025-12-29,3,Wed,false,false,,true,8
20260101,2026-01-01,2026,Q1,1,Jan,2026-01,1,2026,2025-12-29,4,Thu,false,true,Simulated non-working day,false,0
20260102,2026-01-02,2026,Q1,1,Jan,2026-01,1,2026,2025-12-29,5,Fri,false,false,,true,8
20260103,2026-01-03,2026,Q1,1,Jan,2026-01,1,2026,2025-12-29,6,Sat,true,false,,false,0
20260104,2026-01-04,2026,Q1,1,Jan,2026-01,1,2026,2025-12-29,7,Sun,true,false,,false,0
20260105,2026-01-05,2026,Q1,1,Jan,2026-01,2,2026,2026-01-05,1,Mon,false,false,,true,8
20260106,2026-01-06,2026,Q1,1,Jan,2026-01,2,2026,2026-01-05,2,Tue,false,false,,true,8
20260107,2026-01-07,2026,Q1,1,Jan,2026-01,2,2026,2026-01-05,3,Wed,false,false,,true,8
20260108,2026-01-08,2026,Q1,1,Jan,2026-01,2,2026,2026-01-05,4,Thu,false,false,,true,8
20260109,2026-01-09,2026,Q1,1,Jan,2026-01,2,2026,2026-01-05,5,Fri,false,false,,true,8
20260110,2026-01-10,2026,Q1,1,Jan,2026-01,2,2026,2026-01-05,6,Sat,true,false,,false,0
20260111,2026-01-11,2026,Q1,1,Jan,2026-01,2,2026,2026-01-05,7,Sun,true,false,,false,0
20260112,2026-01-12,2026,Q1,1,Jan,2026-01,3,2026,2026-01-12,1,Mon,false,false,,true,8
20260113,2026-01-13,2026,Q1,1,Jan,2026-01,3,2026,2026-01-12,2,Tue,false,false,,true,8
20260114,2026-01-14,2026,Q1,1,Jan,2026-01,3,2026,2026-01-12,3,Wed,false,false,,true,8
20260115,2026-01-15,2026,Q1,1,Jan,2026-01,3,2026,2026-01-12,4,Thu,false,false,,true,8
20260116,2026-01-16,2026,Q1,1,Jan,2026-01,3,2026,2026-01-12,5,Fri,false,false,,true,8
20260117,2026-01-17,2026,Q1,1,Jan,2026-01,3,2026,2026-01-12,6,Sat,true,false,,false,0
20260118,2026-01-18,2026,Q1,1,Jan,2026-01,3,2026,2026-01-12,7,Sun,true,false,,false,0
20260119,2026-01-19,2026,Q1,1,Jan,2026-01,4,2026,2026-01-19,1,Mon,false,false,,true,8
20260120,2026-01-20,2026,Q1,1,Jan,2026-01,4,2026,2026-01-19,2,Tue,false,false,,true,8
20260121,2026-01-21,2026,Q1,1,Jan,2026-01,4,2026,2026-01-19,3,Wed,false,false,,true,8
20260122,2026-01-22,2026,Q1,1,Jan,2026-01,4,2026,2026-01-19,4,Thu,false,false,,true,8
20260123,2026-01-23,2026,Q1,1,Jan,2026-01,4,2026,2026-01-19,5,Fri,false,false,,true,8
20260124,2026-01-24,2026,Q1,1,Jan,2026-01,4,2026,2026-01-19,6,Sat,true,false,,false,0
20260125,2026-01-25,2026,Q1,1,Jan,2026-01,4,2026,2026-01-19,7,Sun,true,false,,false,0
20260126,2026-01-26,2026,Q1,1,Jan,2026-01,5,2026,2026-01-26,1,Mon,false,false,,true,8
20260127,2026-01-27,2026,Q1,1,Jan,2026-01,5,2026,2026-01-26,2,Tue,false,false,,true,8
20260128,2026-01-28,2026,Q1,1,Jan,2026-01,5,2026,2026-01-26,3,Wed,false,false,,true,8
20260129,2026-01-29,2026,Q1,1,Jan,2026-01,5,2026,2026-01-26,4,Thu,false,false,,true,8
20260130,2026-01-30,2026,Q1,1,Jan,2026-01,5,2026,2026-01-26,5,Fri,false,false,,true,8
20260131,2026-01-31,2026,Q1,1,Jan,2026-01,5,2026,2026-01-26,6,Sat,true,false,,false,0
20260201,2026-02-01,2026,Q1,2,Feb,2026-02,5,2026,2026-01-26,7,Sun,true,false,,false,0
20260202,2026-02-02,2026,Q1,2,Feb,2026-02,6,2026,2026-02-02,1,Mon,false,true,Simulated non-working day,false,0
20260203,2026-02-03,2026,Q1,2,Feb,2026-02,6,2026,2026-02-02,2,Tue,false,false,,true,8
20260204,2026-02-04,2026,Q1,2,Feb,2026-02,6,2026,2026-02-02,3,Wed,false,false,,true,8
20260205,2026-02-05,2026,Q1,2,Feb,2026-02,6,2026,2026-02-02,4,Thu,false,false,,true,8
20260206,2026-02-06,2026,Q1,2,Feb,2026-02,6,2026,2026-02-02,5,Fri,false,false,,true,8
20260207,2026-02-07,2026,Q1,2,Feb,2026-02,6,2026,2026-02-02,6,Sat,true,false,,false,0
20260208,2026-02-08,2026,Q1,2,Feb,2026-02,6,2026,2026-02-02,7,Sun,true,false,,false,0
20260209,2026-02-09,2026,Q1,2,Feb,2026-02,7,2026,2026-02-09,1,Mon,false,false,,true,8
20260210,2026-02-10,2026,Q1,2,Feb,2026-02,7,2026,2026-02-09,2,Tue,false,false,,true,8
20260211,2026-02-11,2026,Q1,2,Feb,2026-02,7,2026,2026-02-09,3,Wed,false,false,,true,8
20260212,2026-02-12,2026,Q1,2,Feb,2026-02,7,2026,2026-02-09,4,Thu,false,false,,true,8
20260213,2026-02-13,2026,Q1,2,Feb,2026-02,7,2026,2026-02-09,5,Fri,false,false,,true,8
20260214,2026-02-14,2026,Q1,2,Feb,2026-02,7,2026,2026-02-09,6,Sat,true,false,,false,0
20260215,2026-02-15,2026,Q1,2,Feb,2026-02,7,2026,2026-02-09,7,Sun,true,false,,false,0
20260216,2026-02-16,2026,Q1,2,Feb,2026-02,8,2026,2026-02-16,1,Mon,false,false,,true,8
20260217,2026-02-17,2026,Q1,2,Feb,2026-02,8,2026,2026-02-16,2,Tue,false,false,,true,8
20260218,2026-02-18,2026,Q1,2,Feb,2026-02,8,2026,2026-02-16,3,Wed,false,false,,true,8
20260219,2026-02-19,2026,Q1,2,Feb,2026-02,8,2026,2026-02-16,4,Thu,false,false,,true,8
20260220,2026-02-20,2026,Q1,2,Feb,2026-02,8,2026,2026-02-16,5,Fri,false,false,,true,8
20260221,2026-02-21,2026,Q1,2,Feb,2026-02,8,2026,2026-02-16,6,Sat,true,false,,false,0
20260222,2026-02-22,2026,Q1,2,Feb,2026-02,8,2026,2026-02-16,7,Sun,true,false,,false,0
20260223,2026-02-23,2026,Q1,2,Feb,2026-02,9,2026,2026-02-23,1,Mon,false,false,,true,8
20260224,2026-02-24,2026,Q1,2,Feb,2026-02,9,2026,2026-02-23,2,Tue,false,false,,true,8
20260225,2026-02-25,2026,Q1,2,Feb,2026-02,9,2026,2026-02-23,3,Wed,false,false,,true,8
20260226,2026-02-26,2026,Q1,2,Feb,2026-02,9,2026,2026-02-23,4,Thu,false,false,,true,8
20260227,2026-02-27,2026,Q1,2,Feb,2026-02,9,2026,2026-02-23,5,Fri,false,false,,true,8
20260228,2026-02-28,2026,Q1,2,Feb,2026-02,9,2026,2026-02-23,6,Sat,true,false,,false,0
20260301,2026-03-01,2026,Q1,3,Mar,2026-03,9,2026,2026-02-23,7,Sun,true,false,,false,0
20260302,2026-03-02,2026,Q1,3,Mar,2026-03,10,2026,2026-03-02,1,Mon,false,false,,true,8
20260303,2026-03-03,2026,Q1,3,Mar,2026-03,10,2026,2026-03-02,2,Tue,false,false,,true,8
20260304,2026-03-04,2026,Q1,3,Mar,2026-03,10,2026,2026-03-02,3,Wed,false,false,,true,8
20260305,2026-03-05,2026,Q1,3,Mar,2026-03,10,2026,2026-03-02,4,Thu,false,false,,true,8
20260306,2026-03-06,2026,Q1,3,Mar,2026-03,10,2026,2026-03-02,5,Fri,false,false,,true,8
20260307,2026-03-07,2026,Q1,3,Mar,2026-03,10,2026,2026-03-02,6,Sat,true,false,,false,0
20260308,2026-03-08,2026,Q1,3,Mar,2026-03,10,2026,2026-03-02,7,Sun,true,false,,false,0
20260309,2026-03-09,2026,Q1,3,Mar,2026-03,11,2026,2026-03-09,1,Mon,false,false,,true,8
20260310,2026-03-10,2026,Q1,3,Mar,2026-03,11,2026,2026-03-09,2,Tue,false,false,,true,8
20260311,2026-03-11,2026,Q1,3,Mar,2026-03,11,2026,2026-03-09,3,Wed,false,false,,true,8
20260312,2026-03-12,2026,Q1,3,Mar,2026-03,11,2026,2026-03-09,4,Thu,false,false,,true,8
20260313,2026-03-13,2026,Q1,3,Mar,2026-03,11,2026,2026-03-09,5,Fri,false,false,,true,8
20260314,2026-03-14,2026,Q1,3,Mar,2026-03,11,2026,2026-03-09,6,Sat,true,false,,false,0
20260315,2026-03-15,2026,Q1,3,Mar,2026-03,11,2026,2026-03-09,7,Sun,true,false,,false,0
20260316,2026-03-16,2026,Q1,3,Mar,2026-03,12,2026,2026-03-16,1,Mon,false,true,Simulated non-working day,false,0
20260317,2026-03-17,2026,Q1,3,Mar,2026-03,12,2026,2026-03-16,2,Tue,false,false,,true,8
20260318,2026-03-18,2026,Q1,3,Mar,2026-03,12,2026,2026-03-16,3,Wed,false,false,,true,8
20260319,2026-03-19,2026,Q1,3,Mar,2026-03,12,2026,2026-03-16,4,Thu,false,false,,true,8
20260320,2026-03-20,2026,Q1,3,Mar,2026-03,12,2026,2026-03-16,5,Fri,false,false,,true,8
20260321,2026-03-21,2026,Q1,3,Mar,2026-03,12,2026,2026-03-16,6,Sat,true,false,,false,0
20260322,2026-03-22,2026,Q1,3,Mar,2026-03,12,2026,2026-03-16,7,Sun,true,false,,false,0
20260323,2026-03-23,2026,Q1,3,Mar,2026-03,13,2026,2026-03-23,1,Mon,false,false,,true,8
20260324,2026-03-24,2026,Q1,3,Mar,2026-03,13,2026,2026-03-23,2,Tue,false,false,,true,8
20260325,2026-03-25,2026,Q1,3,Mar,2026-03,13,2026,2026-03-23,3,Wed,false,false,,true,8
20260326,2026-03-26,2026,Q1,3,Mar,2026-03,13,2026,2026-03-23,4,Thu,false,false,,true,8
20260327,2026-03-27,2026,Q1,3,Mar,2026-03,13,2026,2026-03-23,5,Fri,false,false,,true,8
20260328,2026-03-28,2026,Q1,3,Mar,2026-03,13,2026,2026-03-23,6,Sat,true,false,,false,0
20260329,2026-03-29,2026,Q1,3,Mar,2026-03,13,2026,2026-03-23,7,Sun,true,false,,false,0
20260330,2026-03-30,2026,Q1,3,Mar,2026-03,14,2026,2026-03-30,1,Mon,false,false,,true,8
20260331,2026-03-31,2026,Q1,3,Mar,2026-03,14,2026,2026-03-30,2,Tue,false,false,,true,8
20260401,2026-04-01,2026,Q2,4,Apr,2026-04,14,2026,2026-03-30,3,Wed,false,false,,true,8
20260402,2026-04-02,2026,Q2,4,Apr,2026-04,14,2026,2026-03-30,4,Thu,false,false,,true,8
20260403,2026-04-03,2026,Q2,4,Apr,2026-04,14,2026,2026-03-30,5,Fri,false,false,,true,8
20260404,2026-04-04,2026,Q2,4,Apr,2026-04,14,2026,2026-03-30,6,Sat,true,false,,false,0
20260405,2026-04-05,2026,Q2,4,Apr,2026-04,14,2026,2026-03-30,7,Sun,true,false,,false,0
20260406,2026-04-06,2026,Q2,4,Apr,2026-04,15,2026,2026-04-06,1,Mon,false,false,,true,8
20260407,2026-04-07,2026,Q2,4,Apr,2026-04,15,2026,2026-04-06,2,Tue,false,false,,true,8
20260408,2026-04-08,2026,Q2,4,Apr,2026-04,15,2026,2026-04-06,3,Wed,false,false,,true,8
20260409,2026-04-09,2026,Q2,4,Apr,2026-04,15,2026,2026-04-06,4,Thu,false,false,,true,8
20260410,2026-04-10,2026,Q2,4,Apr,2026-04,15,2026,2026-04-06,5,Fri,false,false,,true,8
20260411,2026-04-11,2026,Q2,4,Apr,2026-04,15,2026,2026-04-06,6,Sat,true,false,,false,0
20260412,2026-04-12,2026,Q2,4,Apr,2026-04,15,2026,2026-04-06,7,Sun,true,false,,false,0
20260413,2026-04-13,2026,Q2,4,Apr,2026-04,16,2026,2026-04-13,1,Mon,false,false,,true,8
20260414,2026-04-14,2026,Q2,4,Apr,2026-04,16,2026,2026-04-13,2,Tue,false,false,,true,8
20260415,2026-04-15,2026,Q2,4,Apr,2026-04,16,2026,2026-04-13,3,Wed,false,false,,true,8
20260416,2026-04-16,2026,Q2,4,Apr,2026-04,16,2026,2026-04-13,4,Thu,false,false,,true,8
20260417,2026-04-17,2026,Q2,4,Apr,2026-04,16,2026,2026-04-13,5,Fri,false,false,,true,8
20260418,2026-04-18,2026,Q2,4,Apr,2026-04,16,2026,2026-04-13,6,Sat,true,false,,false,0
20260419,2026-04-19,2026,Q2,4,Apr,2026-04,16,2026,2026-04-13,7,Sun,true,false,,false,0
20260420,2026-04-20,2026,Q2,4,Apr,2026-04,17,2026,2026-04-20,1,Mon,false,false,,true,8
20260421,2026-04-21,2026,Q2,4,Apr,2026-04,17,2026,2026-04-20,2,Tue,false,false,,true,8
20260422,2026-04-22,2026,Q2,4,Apr,2026-04,17,2026,2026-04-20,3,Wed,false,false,,true,8
20260423,2026-04-23,2026,Q2,4,Apr,2026-04,17,2026,2026-04-20,4,Thu,false,false,,true,8
20260424,2026-04-24,2026,Q2,4,Apr,2026-04,17,2026,2026-04-20,5,Fri,false,false,,true,8
20260425,2026-04-25,2026,Q2,4,Apr,2026-04,17,2026,2026-04-20,6,Sat,true,false,,false,0
20260426,2026-04-26,2026,Q2,4,Apr,2026-04,17,2026,2026-04-20,7,Sun,true,false,,false,0
20260427,2026-04-27,2026,Q2,4,Apr,2026-04,18,2026,2026-04-27,1,Mon,false,false,,true,8
20260428,2026-04-28,2026,Q2,4,Apr,2026-04,18,2026,2026-04-27,2,Tue,false,false,,true,8
20260429,2026-04-29,2026,Q2,4,Apr,2026-04,18,2026,2026-04-27,3,Wed,false,false,,true,8
20260430,2026-04-30,2026,Q2,4,Apr,2026-04,18,2026,2026-04-27,4,Thu,false,false,,true,8
20260501,2026-05-01,2026,Q2,5,May,2026-05,18,2026,2026-04-27,5,Fri,false,true,Simulated non-working day,false,0
20260502,2026-05-02,2026,Q2,5,May,2026-05,18,2026,2026-04-27,6,Sat,true,false,,false,0
20260503,2026-05-03,2026,Q2,5,May,2026-05,18,2026,2026-04-27,7,Sun,true,false,,false,0
20260504,2026-05-04,2026,Q2,5,May,2026-05,19,2026,2026-05-04,1,Mon,false,false,,true,8
20260505,2026-05-05,2026,Q2,5,May,2026-05,19,2026,2026-05-04,2,Tue,false,false,,true,8
20260506,2026-05-06,2026,Q2,5,May,2026-05,19,2026,2026-05-04,3,Wed,false,false,,true,8
20260507,2026-05-07,2026,Q2,5,May,2026-05,19,2026,2026-05-04,4,Thu,false,false,,true,8
20260508,2026-05-08,2026,Q2,5,May,2026-05,19,2026,2026-05-04,5,Fri,false,false,,true,8
20260509,2026-05-09,2026,Q2,5,May,2026-05,19,2026,2026-05-04,6,Sat,true,false,,false,0
20260510,2026-05-10,2026,Q2,5,May,2026-05,19,2026,2026-05-04,7,Sun,true,false,,false,0
20260511,2026-05-11,2026,Q2,5,May,2026-05,20,2026,2026-05-11,1,Mon,false,false,,true,8
20260512,2026-05-12,2026,Q2,5,May,2026-05,20,2026,2026-05-11,2,Tue,false,false,,true,8
20260513,2026-05-13,2026,Q2,5,May,2026-05,20,2026,2026-05-11,3,Wed,false,false,,true,8
20260514,2026-05-14,2026,Q2,5,May,2026-05,20,2026,2026-05-11,4,Thu,false,false,,true,8
20260515,2026-05-15,2026,Q2,5,May,2026-05,20,2026,2026-05-11,5,Fri,false,false,,true,8
20260516,2026-05-16,2026,Q2,5,May,2026-05,20,2026,2026-05-11,6,Sat,true,false,,false,0
20260517,2026-05-17,2026,Q2,5,May,2026-05,20,2026,2026-05-11,7,Sun,true,false,,false,0
20260518,2026-05-18,2026,Q2,5,May,2026-05,21,2026,2026-05-18,1,Mon,false,false,,true,8
20260519,2026-05-19,2026,Q2,5,May,2026-05,21,2026,2026-05-18,2,Tue,false,false,,true,8
20260520,2026-05-20,2026,Q2,5,May,2026-05,21,2026,2026-05-18,3,Wed,false,false,,true,8
20260521,2026-05-21,2026,Q2,5,May,2026-05,21,2026,2026-05-18,4,Thu,false,false,,true,8
20260522,2026-05-22,2026,Q2,5,May,2026-05,21,2026,2026-05-18,5,Fri,false,false,,true,8
20260523,2026-05-23,2026,Q2,5,May,2026-05,21,2026,2026-05-18,6,Sat,true,false,,false,0
20260524,2026-05-24,2026,Q2,5,May,2026-05,21,2026,2026-05-18,7,Sun,true,false,,false,0
20260525,2026-05-25,2026,Q2,5,May,2026-05,22,2026,2026-05-25,1,Mon,false,false,,true,8
20260526,2026-05-26,2026,Q2,5,May,2026-05,22,2026,2026-05-25,2,Tue,false,false,,true,8
20260527,2026-05-27,2026,Q2,5,May,2026-05,22,2026,2026-05-25,3,Wed,false,false,,true,8
20260528,2026-05-28,2026,Q2,5,May,2026-05,22,2026,2026-05-25,4,Thu,false,false,,true,8
20260529,2026-05-29,2026,Q2,5,May,2026-05,22,2026,2026-05-25,5,Fri,false,false,,true,8
20260530,2026-05-30,2026,Q2,5,May,2026-05,22,2026,2026-05-25,6,Sat,true,false,,false,0
20260531,2026-05-31,2026,Q2,5,May,2026-05,22,2026,2026-05-25,7,Sun,true,false,,false,0
20260601,2026-06-01,2026,Q2,6,Jun,2026-06,23,2026,2026-06-01,1,Mon,false,false,,true,8
20260602,2026-06-02,2026,Q2,6,Jun,2026-06,23,2026,2026-06-01,2,Tue,false,false,,true,8
20260603,2026-06-03,2026,Q2,6,Jun,2026-06,23,2026,2026-06-01,3,Wed,false,false,,true,8
20260604,2026-06-04,2026,Q2,6,Jun,2026-06,23,2026,2026-06-01,4,Thu,false,false,,true,8
20260605,2026-06-05,2026,Q2,6,Jun,2026-06,23,2026,2026-06-01,5,Fri,false,false,,true,8
20260606,2026-06-06,2026,Q2,6,Jun,2026-06,23,2026,2026-06-01,6,Sat,true,false,,false,0
20260607,2026-06-07,2026,Q2,6,Jun,2026-06,23,2026,2026-06-01,7,Sun,true,false,,false,0
20260608,2026-06-08,2026,Q2,6,Jun,2026-06,24,2026,2026-06-08,1,Mon,false,false,,true,8
20260609,2026-06-09,2026,Q2,6,Jun,2026-06,24,2026,2026-06-08,2,Tue,false,false,,true,8
20260610,2026-06-10,2026,Q2,6,Jun,2026-06,24,2026,2026-06-08,3,Wed,false,false,,true,8
20260611,2026-06-11,2026,Q2,6,Jun,2026-06,24,2026,2026-06-08,4,Thu,false,false,,true,8
20260612,2026-06-12,2026,Q2,6,Jun,2026-06,24,2026,2026-06-08,5,Fri,false,false,,true,8
20260613,2026-06-13,2026,Q2,6,Jun,2026-06,24,2026,2026-06-08,6,Sat,true,false,,false,0
20260614,2026-06-14,2026,Q2,6,Jun,2026-06,24,2026,2026-06-08,7,Sun,true,false,,false,0
20260615,2026-06-15,2026,Q2,6,Jun,2026-06,25,2026,2026-06-15,1,Mon,false,false,,true,8
20260616,2026-06-16,2026,Q2,6,Jun,2026-06,25,2026,2026-06-15,2,Tue,false,false,,true,8
20260617,2026-06-17,2026,Q2,6,Jun,2026-06,25,2026,2026-06-15,3,Wed,false,false,,true,8
20260618,2026-06-18,2026,Q2,6,Jun,2026-06,25,2026,2026-06-15,4,Thu,false,false,,true,8
20260619,2026-06-19,2026,Q2,6,Jun,2026-06,25,2026,2026-06-15,5,Fri,false,false,,true,8
20260620,2026-06-20,2026,Q2,6,Jun,2026-06,25,2026,2026-06-15,6,Sat,true,false,,false,0
20260621,2026-06-21,2026,Q2,6,Jun,2026-06,25,2026,2026-06-15,7,Sun,true,false,,false,0
20260622,2026-06-22,2026,Q2,6,Jun,2026-06,26,2026,2026-06-22,1,Mon,false,false,,true,8
20260623,2026-06-23,2026,Q2,6,Jun,2026-06,26,2026,2026-06-22,2,Tue,false,false,,true,8
20260624,2026-06-24,2026,Q2,6,Jun,2026-06,26,2026,2026-06-22,3,Wed,false,false,,true,8
20260625,2026-06-25,2026,Q2,6,Jun,2026-06,26,2026,2026-06-22,4,Thu,false,false,,true,8
20260626,2026-06-26,2026,Q2,6,Jun,2026-06,26,2026,2026-06-22,5,Fri,false,false,,true,8
20260627,2026-06-27,2026,Q2,6,Jun,2026-06,26,2026,2026-06-22,6,Sat,true,false,,false,0
20260628,2026-06-28,2026,Q2,6,Jun,2026-06,26,2026,2026-06-22,7,Sun,true,false,,false,0
20260629,2026-06-29,2026,Q2,6,Jun,2026-06,27,2026,2026-06-29,1,Mon,false,false,,true,8
20260630,2026-06-30,2026,Q2,6,Jun,2026-06,27,2026,2026-06-29,2,Tue,false,false,,true,8
