RequesterKey,RequesterID,HomeLocationKey,OrgUnitKey,EmployeeGroup,WorkerType,PreferredLanguage,JoinDate,ExitDate,ActiveAtCutoffFlag
1,REQ-0001,1,2,Hourly,Regular,English,2019-01-27,,true
2,REQ-0002,1,1,Hourly,Regular,Spanish,2023-05-01,,true
3,REQ-0003,1,1,Salaried,Regular,Spanish,2026-04-23,,true
4,REQ-0004,3,5,Salaried,Regular,Spanish,2024-04-10,,true
5,REQ-0005,1,4,Hourly,Regular,Spanish,2020-04-22,,true
6,REQ-0006,3,2,Salaried,Regular,Spanish,2020-10-26,,true
7,REQ-0007,1,2,Salaried,Regular,Spanish,2016-11-14,2025-10-30,false
8,REQ-0008,3,7,Salaried,Regular,Spanish,2021-10-22,,true
9,REQ-0009,3,1,Salaried,Regular,Spanish,2020-10-08,,true
10,REQ-0010,1,2,Hourly,Regular,English,2016-03-28,,true
11,REQ-0011,1,3,Hourly,Regular,English,2025-05-03,,true
12,REQ-0012,3,7,Salaried,Regular,Spanish,2024-05-16,,true
13,REQ-0013,2,5,Salaried,Regular,Spanish,2018-04-02,,true
14,REQ-0014,1,4,Hourly,Regular,English,2022-08-12,,true
15,REQ-0015,1,1,Hourly,Regular,Spanish,2015-04-02,,true
16,REQ-0016,1,1,Hourly,Regular,English,2014-05-31,,true
17,REQ-0017,3,1,Salaried,Regular,Spanish,2021-10-17,,true
18,REQ-0018,1,1,Hourly,Temporary,Spanish,2021-06-28,,true
19,REQ-0019,1,3,Hourly,Regular,English,2022-09-21,,true
20,REQ-0020,1,1,Hourly,Regular,Spanish,2014-05-03,,true
21,REQ-0021,1,1,Salaried,Regular,Spanish,2019-11-27,,true
22,REQ-0022,1,1,Hourly,Temporary,Spanish,2017-02-19,,true
23,REQ-0023,3,6,Salaried,Regular,Spanish,2017-01-28,2025-11-20,false
24,REQ-0024,2,7,Salaried,Regular,Spanish,2017-01-14,,true
25,REQ-0025,1,2,Hourly,Regular,Spanish,2014-10-24,,true
26,REQ-0026,2,5,Salaried,Temporary,Spanish,2016-06-06,,true
27,REQ-0027,1,1,Hourly,Regular,Spanish,2016-08-16,,true
28,REQ-0028,1,2,Hourly,Regular,Spanish,2020-03-06,,true
29,REQ-0029,1,1,Salaried,Regular,Spanish,2017-01-29,,true
30,REQ-0030,1,1,Hourly,Regular,Spanish,2023-04-25,,true
31,REQ-0031,1,1,Hourly,Regular,Spanish,2022-12-24,,true
32,REQ-0032,1,1,Hourly,Regular,Spanish,2017-04-30,2025-09-28,false
33,REQ-0033,1,1,Salaried,Regular,Spanish,2015-01-22,,true
34,REQ-0034,3,7,Salaried,Regular,English,2023-11-07,,true
35,REQ-0035,1,1,Salaried,Regular,Spanish,2016-06-19,,true
36,REQ-0036,1,1,Hourly,Regular,Spanish,2016-03-31,,true
37,REQ-0037,3,2,Salaried,Regular,Spanish,2022-04-10,,true
38,REQ-0038,1,1,Hourly,Temporary,Spanish,2016-06-11,,true
39,REQ-0039,1,1,Hourly,Regular,Spanish,2018-10-09,,true
40,REQ-0040,1,2,Hourly,Regular,Spanish,2021-09-28,,true
41,REQ-0041,1,1,Hourly,Regular,Spanish,2021-11-07,,true
42,REQ-0042,1,1,Hourly,Regular,English,2017-05-06,,true
43,REQ-0043,1,1,Salaried,Regular,English,2018-04-20,,true
44,REQ-0044,1,4,Hourly,Regular,Spanish,2023-09-20,,true
45,REQ-0045,2,7,Salaried,Regular,Spanish,2015-12-23,,true
46,REQ-0046,2,7,Salaried,Regular,Spanish,2023-04-13,,true
47,REQ-0047,1,1,Hourly,Regular,Spanish,2024-01-23,,true
48,REQ-0048,1,4,Hourly,Regular,Spanish,2015-01-04,,true
49,REQ-0049,1,4,Salaried,Regular,Spanish,2025-08-15,,true
50,REQ-0050,3,2,Salaried,Regular,Spanish,2022-02-25,,true
51,REQ-0051,1,1,Salaried,Temporary,Spanish,2014-08-06,,true
52,REQ-0052,3,5,Salaried,Regular,Spanish,2022-03-03,,true
53,REQ-0053,3,7,Salaried,Regular,Spanish,2023-12-25,,true
54,REQ-0054,3,2,Salaried,Temporary,Spanish,2017-12-03,,true
55,REQ-0055,1,7,Hourly,Regular,Spanish,2026-04-12,,true
56,REQ-0056,2,3,Salaried,Regular,Spanish,2026-02-16,,true
57,REQ-0057,1,1,Hourly,Regular,Spanish,2023-09-23,,true
58,REQ-0058,3,3,Salaried,Regular,Spanish,2014-11-16,,true
59,REQ-0059,2,3,Salaried,Temporary,Spanish,2024-02-14,,true
60,REQ-0060,2,3,Salaried,Regular,Spanish,2016-01-09,,true
61,REQ-0061,2,6,Salaried,Intern,Spanish,2021-11-13,2025-06-09,false
62,REQ-0062,1,4,Salaried,Regular,Spanish,2020-03-22,,true
63,REQ-0063,1,1,Hourly,Regular,Spanish,2021-04-16,,true
64,REQ-0064,3,6,Salaried,Regular,Spanish,2023-01-17,,true
65,REQ-0065,2,6,Salaried,Regular,Spanish,2023-12-07,2026-03-01,false
66,REQ-0066,1,1,Hourly,Regular,Spanish,2024-07-05,,true
67,REQ-0067,2,3,Salaried,Regular,English,2018-09-24,,true
68,REQ-0068,2,3,Salaried,Regular,Spanish,2020-01-30,,true
69,REQ-0069,3,6,Salaried,Regular,Spanish,2024-10-22,,true
70,REQ-0070,3,7,Salaried,Regular,Spanish,2016-09-10,,true
71,REQ-0071,1,4,Hourly,Regular,English,2018-02-18,,true
72,REQ-0072,2,1,Salaried,Regular,Spanish,2021-05-30,,true
73,REQ-0073,1,2,Hourly,Intern,Spanish,2021-12-05,,true
74,REQ-0074,2,3,Salaried,Regular,English,2020-12-07,,true
75,REQ-0075,1,1,Hourly,Regular,English,2024-12-28,,true
76,REQ-0076,3,7,Salaried,Regular,Spanish,2024-12-17,,true
77,REQ-0077,2,5,Salaried,Regular,Spanish,2017-09-23,2025-02-28,false
78,REQ-0078,1,2,Salaried,Temporary,Spanish,2018-08-12,,true
79,REQ-0079,1,6,Salaried,Regular,Spanish,2021-04-20,,true
80,REQ-0080,3,6,Salaried,Regular,Spanish,2014-03-01,,true
81,REQ-0081,2,7,Salaried,Regular,Spanish,2018-03-28,,true
82,REQ-0082,2,3,Salaried,Regular,Spanish,2018-10-28,,true
83,REQ-0083,2,6,Salaried,Regular,Spanish,2021-09-22,,true
84,REQ-0084,1,1,Hourly,Regular,Spanish,2015-07-19,,true
85,REQ-0085,2,6,Salaried,Regular,Spanish,2016-08-27,,true
86,REQ-0086,2,3,Salaried,Intern,Spanish,2020-07-29,,true
87,REQ-0087,1,1,Hourly,Regular,Spanish,2014-07-07,,true
88,REQ-0088,3,4,Salaried,Regular,English,2022-05-02,,true
89,REQ-0089,1,4,Hourly,Regular,Spanish,2024-07-11,,true
90,REQ-0090,3,7,Salaried,Regular,Spanish,2019-07-05,,true
91,REQ-0091,2,4,Salaried,Regular,Spanish,2015-06-24,,true
92,REQ-0092,1,2,Hourly,Temporary,Spanish,2024-06-25,,true
93,REQ-0093,3,7,Salaried,Intern,Spanish,2021-04-25,,true
94,REQ-0094,3,6,Salaried,Temporary,Spanish,2017-06-21,,true
95,REQ-0095,1,1,Hourly,Regular,Spanish,2017-04-23,,true
96,REQ-0096,2,7,Salaried,Regular,Spanish,2016-08-27,,true
97,REQ-0097,3,5,Salaried,Temporary,English,2016-05-22,,true
98,REQ-0098,1,1,Hourly,Regular,Spanish,2022-03-31,,true
99,REQ-0099,1,1,Hourly,Regular,Spanish,2016-05-30,,true
100,REQ-0100,1,4,Hourly,Temporary,Spanish,2016-05-11,,true
101,REQ-0101,1,7,Hourly,Regular,Spanish,2015-11-06,,true
102,REQ-0102,2,7,Salaried,Regular,Spanish,2024-12-18,,true
103,REQ-0103,1,1,Salaried,Regular,Spanish,2016-06-13,,true
104,REQ-0104,3,5,Salaried,Temporary,Spanish,2016-11-01,,true
105,REQ-0105,1,2,Hourly,Regular,English,2016-06-06,2025-06-15,false
106,REQ-0106,3,5,Salaried,Regular,Spanish,2019-11-11,,true
107,REQ-0107,3,4,Salaried,Regular,Spanish,2018-06-11,,true
108,REQ-0108,1,1,Hourly,Regular,English,2019-09-26,,true
109,REQ-0109,1,1,Hourly,Regular,Spanish,2019-12-01,,true
110,REQ-0110,1,4,Hourly,Regular,Spanish,2016-09-28,,true
111,REQ-0111,1,1,Salaried,Intern,Spanish,2023-03-05,,true
112,REQ-0112,2,4,Salaried,Regular,Spanish,2020-09-09,,true
113,REQ-0113,2,3,Salaried,Regular,Spanish,2019-02-09,,true
114,REQ-0114,3,7,Salaried,Regular,Spanish,2025-02-19,,true
115,REQ-0115,2,6,Salaried,Temporary,Spanish,2026-02-06,,true
116,REQ-0116,1,4,Hourly,Temporary,Spanish,2014-04-15,,true
117,REQ-0117,2,4,Salaried,Temporary,English,2017-12-03,,true
118,REQ-0118,2,3,Salaried,Regular,Spanish,2015-04-30,2025-02-25,false
119,REQ-0119,2,3,Salaried,Intern,Spanish,2015-03-04,,true
120,REQ-0120,1,1,Hourly,Regular,Spanish,2015-04-02,,true
121,REQ-0121,2,3,Salaried,Intern,English,2025-08-04,,true
122,REQ-0122,1,1,Hourly,Regular,English,2015-10-08,,true
123,REQ-0123,2,7,Salaried,Regular,Spanish,2015-03-06,,true
124,REQ-0124,1,2,Hourly,Temporary,Spanish,2015-07-31,,true
125,REQ-0125,1,1,Salaried,Regular,Spanish,2022-03-21,,true
126,REQ-0126,1,1,Hourly,Regular,Spanish,2017-06-21,,true
127,REQ-0127,1,1,Hourly,Regular,Spanish,2020-09-13,,true
128,REQ-0128,1,3,Salaried,Regular,Spanish,2021-04-09,,true
129,REQ-0129,1,4,Hourly,Regular,English,2026-04-21,,true
130,REQ-0130,1,1,Salaried,Regular,Spanish,2019-09-28,,true
131,REQ-0131,3,6,Salaried,Regular,Spanish,2021-03-09,2025-05-06,false
132,REQ-0132,1,2,Hourly,Regular,Spanish,2024-06-05,,true
133,REQ-0133,1,1,Salaried,Regular,Spanish,2019-12-03,,true
134,REQ-0134,3,5,Salaried,Regular,Spanish,2018-01-18,,true
135,REQ-0135,1,1,Hourly,Regular,Spanish,2014-01-05,,true
136,REQ-0136,3,5,Salaried,Temporary,Spanish,2015-04-10,,true
137,REQ-0137,3,2,Salaried,Regular,Spanish,2016-07-28,,true
138,REQ-0138,1,4,Salaried,Regular,Spanish,2018-09-13,,true
139,REQ-0139,1,1,Salaried,Regular,Spanish,2023-11-11,,true
140,REQ-0140,2,6,Salaried,Regular,Spanish,2017-03-15,,true
141,REQ-0141,2,4,Salaried,Regular,Spanish,2017-04-23,,true
142,REQ-0142,1,1,Salaried,Regular,English,2024-02-09,,true
143,REQ-0143,3,7,Salaried,Regular,Spanish,2019-08-16,,true
144,REQ-0144,1,1,Hourly,Regular,Spanish,2018-12-13,,true
145,REQ-0145,1,4,Hourly,Regular,Spanish,2024-11-25,,true
146,REQ-0146,3,4,Salaried,Temporary,Spanish,2018-04-01,,true
147,REQ-0147,3,7,Salaried,Regular,English,2021-11-27,,true
148,REQ-0148,1,4,Salaried,Regular,Spanish,2023-01-28,,true
149,REQ-0149,3,3,Salaried,Intern,English,2016-07-25,,true
150,REQ-0150,1,4,Hourly,Regular,Spanish,2020-07-03,2025-05-19,false
151,REQ-0151,1,2,Salaried,Temporary,Spanish,2021-07-14,,true
152,REQ-0152,3,7,Salaried,Regular,Spanish,2020-04-13,,true
153,REQ-0153,1,1,Hourly,Regular,Spanish,2020-10-05,,true
154,REQ-0154,1,2,Salaried,Regular,Spanish,2016-12-05,,true
155,REQ-0155,2,7,Salaried,Regular,Spanish,2015-04-27,,true
156,REQ-0156,1,1,Hourly,Regular,Spanish,2015-02-19,,true
157,REQ-0157,1,4,Hourly,Intern,Spanish,2020-01-02,,true
158,REQ-0158,1,6,Hourly,Temporary,English,2020-08-20,,true
159,REQ-0159,3,5,Salaried,Regular,Spanish,2018-08-18,,true
160,REQ-0160,2,7,Salaried,Regular,English,2017-07-25,,true
161,REQ-0161,3,2,Salaried,Regular,Spanish,2014-01-10,,true
162,REQ-0162,1,1,Salaried,Regular,Spanish,2020-02-16,2026-06-13,false
163,REQ-0163,3,7,Salaried,Regular,Spanish,2024-11-04,,true
164,REQ-0164,2,4,Salaried,Regular,Spanish,2015-12-20,,true
165,REQ-0165,2,3,Salaried,Regular,English,2018-03-12,,true
166,REQ-0166,1,4,Hourly,Regular,Spanish,2014-05-30,,true
167,REQ-0167,2,3,Salaried,Regular,Spanish,2022-03-11,,true
168,REQ-0168,1,1,Hourly,Regular,Spanish,2026-04-12,2026-06-18,false
169,REQ-0169,2,4,Salaried,Regular,Spanish,2023-11-27,,true
170,REQ-0170,1,2,Salaried,Temporary,Spanish,2025-11-01,,true
171,REQ-0171,1,1,Hourly,Regular,Spanish,2018-02-24,,true
172,REQ-0172,1,1,Hourly,Regular,Spanish,2025-08-13,2026-01-12,false
173,REQ-0173,3,6,Salaried,Regular,Spanish,2020-04-10,,true
174,REQ-0174,3,5,Salaried,Regular,Spanish,2021-08-15,,true
175,REQ-0175,1,1,Salaried,Regular,English,2016-12-13,,true
176,REQ-0176,1,1,Hourly,Regular,Spanish,2019-12-07,,true
177,REQ-0177,2,2,Salaried,Regular,Spanish,2026-03-14,,true
178,REQ-0178,1,1,Hourly,Regular,Spanish,2014-12-05,,true
179,REQ-0179,1,2,Hourly,Intern,Spanish,2024-02-24,,true
180,REQ-0180,2,4,Salaried,Regular,Spanish,2022-05-15,,true
181,REQ-0181,3,2,Salaried,Regular,Spanish,2014-11-22,,true
182,REQ-0182,2,4,Salaried,Intern,Spanish,2019-02-22,,true
183,REQ-0183,1,4,Hourly,Regular,Spanish,2018-01-03,,true
184,REQ-0184,2,2,Salaried,Regular,English,2017-12-08,,true
185,REQ-0185,3,4,Salaried,Regular,Spanish,2017-10-21,,true
186,REQ-0186,1,1,Hourly,Intern,Spanish,2022-11-28,,true
187,REQ-0187,1,1,Salaried,Intern,Spanish,2016-06-21,,true
188,REQ-0188,3,1,Salaried,Regular,Spanish,2025-04-27,,true
189,REQ-0189,1,1,Salaried,Regular,Spanish,2014-09-27,,true
190,REQ-0190,3,2,Salaried,Regular,Spanish,2025-06-22,2026-04-04,false
191,REQ-0191,1,4,Salaried,Regular,Spanish,2025-12-22,,true
192,REQ-0192,3,1,Salaried,Regular,Spanish,2022-08-25,,true
193,REQ-0193,3,7,Salaried,Regular,Spanish,2015-08-14,,true
194,REQ-0194,1,1,Salaried,Regular,English,2016-10-21,,true
195,REQ-0195,2,2,Salaried,Temporary,Spanish,2021-08-30,,true
196,REQ-0196,2,7,Salaried,Regular,Spanish,2020-01-28,,true
197,REQ-0197,3,7,Salaried,Regular,English,2015-05-09,,true
198,REQ-0198,1,1,Salaried,Regular,Spanish,2021-01-18,,true
199,REQ-0199,2,3,Salaried,Regular,Spanish,2017-11-22,,true
200,REQ-0200,1,1,Hourly,Temporary,Spanish,2019-02-02,,true
201,REQ-0201,2,7,Salaried,Regular,Spanish,2018-05-03,,true
202,REQ-0202,1,1,Hourly,Regular,English,2022-04-17,2025-09-11,false
203,REQ-0203,2,6,Salaried,Temporary,Spanish,2015-02-11,2025-02-26,false
204,REQ-0204,2,3,Salaried,Regular,Spanish,2017-09-09,,true
205,REQ-0205,2,4,Salaried,Regular,Spanish,2016-03-17,2025-11-07,false
206,REQ-0206,3,5,Salaried,Temporary,Spanish,2019-03-17,,true
207,REQ-0207,1,1,Hourly,Regular,English,2017-09-18,,true
208,REQ-0208,1,1,Salaried,Regular,Spanish,2020-02-02,,true
209,REQ-0209,3,2,Salaried,Regular,English,2025-11-11,,true
210,REQ-0210,1,1,Salaried,Regular,English,2024-06-30,2026-02-28,false
211,REQ-0211,3,2,Salaried,Regular,Spanish,2025-10-21,,true
212,REQ-0212,1,1,Hourly,Regular,Spanish,2020-08-17,,true
213,REQ-0213,3,6,Salaried,Regular,Spanish,2025-06-29,,true
214,REQ-0214,1,1,Hourly,Temporary,Spanish,2015-02-21,,true
215,REQ-0215,1,1,Hourly,Temporary,Spanish,2019-09-14,,true
216,REQ-0216,2,3,Salaried,Regular,Spanish,2026-01-03,,true
217,REQ-0217,1,4,Salaried,Regular,Spanish,2018-12-31,,true
218,REQ-0218,1,1,Hourly,Regular,Spanish,2021-11-27,2026-04-04,false
219,REQ-0219,3,2,Salaried,Regular,Spanish,2025-11-02,,true
220,REQ-0220,1,1,Salaried,Regular,Spanish,2020-06-04,,true
221,REQ-0221,2,3,Salaried,Regular,Spanish,2022-08-27,,true
222,REQ-0222,2,3,Salaried,Regular,Spanish,2026-01-24,,true
223,REQ-0223,1,4,Hourly,Temporary,Spanish,2014-09-10,,true
224,REQ-0224,2,6,Salaried,Regular,Spanish,2023-01-04,,true
225,REQ-0225,1,1,Hourly,Regular,Spanish,2015-01-10,,true
226,REQ-0226,1,3,Hourly,Regular,English,2017-12-24,,true
227,REQ-0227,1,2,Hourly,Regular,Spanish,2018-03-10,,true
228,REQ-0228,1,1,Hourly,Regular,Spanish,2019-09-29,2025-12-03,false
229,REQ-0229,2,7,Salaried,Regular,English,2024-03-01,,true
230,REQ-0230,1,1,Hourly,Regular,Spanish,2022-06-12,,true
231,REQ-0231,1,3,Salaried,Regular,Spanish,2015-07-10,,true
232,REQ-0232,2,3,Salaried,Regular,Spanish,2023-09-22,,true
233,REQ-0233,3,5,Salaried,Regular,Spanish,2018-03-17,,true
234,REQ-0234,3,6,Salaried,Regular,Spanish,2024-04-08,,true
235,REQ-0235,2,1,Salaried,Regular,English,2015-09-09,,true
236,REQ-0236,3,2,Salaried,Temporary,Spanish,2019-09-12,2025-09-14,false
237,REQ-0237,3,1,Salaried,Regular,Spanish,2021-06-24,,true
238,REQ-0238,3,3,Salaried,Regular,English,2024-10-15,,true
239,REQ-0239,1,1,Hourly,Regular,Spanish,2025-11-01,,true
240,REQ-0240,2,6,Salaried,Regular,Spanish,2019-09-17,,true
241,REQ-0241,1,2,Hourly,Temporary,Spanish,2026-04-25,,true
242,REQ-0242,1,2,Hourly,Regular,Spanish,2026-03-21,,true
243,REQ-0243,3,2,Salaried,Regular,Spanish,2025-06-06,,true
244,REQ-0244,3,5,Salaried,Regular,Spanish,2016-02-08,,true
245,REQ-0245,3,3,Salaried,Regular,Spanish,2026-05-31,,true
246,REQ-0246,1,4,Salaried,Regular,Spanish,2019-09-16,,true
247,REQ-0247,1,2,Salaried,Regular,Spanish,2015-10-18,,true
248,REQ-0248,1,1,Hourly,Regular,Spanish,2019-09-05,,true
249,REQ-0249,2,6,Salaried,Regular,Spanish,2024-03-12,,true
250,REQ-0250,3,2,Salaried,Regular,English,2025-05-29,,true
251,REQ-0251,2,6,Salaried,Regular,English,2022-11-11,,true
252,REQ-0252,3,5,Salaried,Regular,English,2019-03-20,,true
253,REQ-0253,2,1,Salaried,Regular,Spanish,2020-09-22,,true
254,REQ-0254,1,6,Hourly,Regular,Spanish,2023-10-20,,true
255,REQ-0255,3,2,Salaried,Regular,Spanish,2015-06-06,,true
256,REQ-0256,1,1,Salaried,Regular,Spanish,2020-12-08,2026-03-19,false
257,REQ-0257,1,4,Salaried,Regular,Spanish,2021-10-14,,true
258,REQ-0258,1,1,Hourly,Regular,Spanish,2024-10-29,,true
259,REQ-0259,1,1,Hourly,Regular,English,2024-01-27,,true
260,REQ-0260,1,2,Hourly,Regular,Spanish,2014-12-14,,true
261,REQ-0261,3,6,Salaried,Regular,English,2014-08-03,,true
262,REQ-0262,1,1,Hourly,Regular,Spanish,2022-11-16,,true
263,REQ-0263,1,4,Salaried,Regular,Spanish,2019-08-11,,true
264,REQ-0264,1,6,Hourly,Regular,English,2025-03-09,,true
265,REQ-0265,1,4,Hourly,Regular,Spanish,2025-08-29,,true
266,REQ-0266,1,1,Salaried,Regular,Spanish,2023-02-20,,true
267,REQ-0267,2,3,Salaried,Regular,Spanish,2015-03-12,,true
268,REQ-0268,3,6,Salaried,Regular,Spanish,2022-09-03,,true
269,REQ-0269,3,5,Salaried,Regular,Spanish,2021-03-13,,true
270,REQ-0270,3,7,Salaried,Regular,English,2016-11-18,,true
271,REQ-0271,1,1,Salaried,Regular,Spanish,2020-02-06,,true
272,REQ-0272,1,1,Hourly,Regular,Spanish,2020-10-18,,true
273,REQ-0273,1,1,Salaried,Temporary,Spanish,2023-07-27,,true
274,REQ-0274,2,6,Salaried,Regular,Spanish,2020-06-20,,true
275,REQ-0275,2,1,Salaried,Intern,Spanish,2024-06-09,2026-03-20,false
276,REQ-0276,3,3,Salaried,Regular,English,2019-02-12,,true
277,REQ-0277,1,1,Hourly,Regular,Spanish,2016-09-30,2025-08-10,false
278,REQ-0278,1,1,Salaried,Regular,Spanish,2021-03-24,,true
279,REQ-0279,3,5,Salaried,Regular,Spanish,2020-02-23,,true
280,REQ-0280,3,2,Salaried,Regular,Spanish,2023-08-14,,true
281,REQ-0281,3,6,Salaried,Temporary,Spanish,2016-08-24,,true
282,REQ-0282,1,1,Hourly,Regular,Spanish,2014-02-06,,true
283,REQ-0283,1,2,Salaried,Regular,Spanish,2020-12-18,,true
284,REQ-0284,2,3,Salaried,Regular,Spanish,2016-02-21,,true
285,REQ-0285,1,1,Hourly,Temporary,English,2026-06-05,,true
286,REQ-0286,1,2,Salaried,Regular,Spanish,2024-02-07,,true
287,REQ-0287,2,2,Salaried,Regular,Spanish,2020-06-19,,true
288,REQ-0288,3,2,Salaried,Regular,Spanish,2019-02-02,,true
289,REQ-0289,1,1,Salaried,Regular,Spanish,2017-10-18,,true
290,REQ-0290,1,1,Salaried,Regular,Spanish,2017-02-09,,true
291,REQ-0291,2,4,Salaried,Temporary,Spanish,2017-07-30,,true
292,REQ-0292,2,3,Salaried,Regular,English,2015-12-29,,true
293,REQ-0293,1,1,Hourly,Regular,Spanish,2017-02-19,,true
294,REQ-0294,3,7,Salaried,Regular,English,2017-07-04,,true
295,REQ-0295,2,4,Salaried,Regular,English,2020-06-09,,true
296,REQ-0296,3,2,Salaried,Regular,English,2025-12-10,,true
297,REQ-0297,1,1,Hourly,Regular,Spanish,2023-06-01,,true
298,REQ-0298,1,4,Hourly,Regular,Spanish,2014-11-08,,true
299,REQ-0299,3,6,Salaried,Regular,Spanish,2025-11-08,,true
300,REQ-0300,2,3,Salaried,Regular,English,2014-08-14,,true
301,REQ-0301,1,2,Hourly,Regular,Spanish,2024-12-12,,true
302,REQ-0302,1,4,Hourly,Regular,English,2025-10-03,,true
303,REQ-0303,3,3,Salaried,Regular,Spanish,2023-01-12,,true
304,REQ-0304,3,5,Salaried,Regular,English,2020-09-27,,true
305,REQ-0305,2,4,Salaried,Regular,Spanish,2026-05-14,,true
306,REQ-0306,2,1,Salaried,Regular,Spanish,2018-06-13,,true
307,REQ-0307,2,6,Salaried,Regular,English,2025-02-06,,true
308,REQ-0308,1,2,Hourly,Regular,English,2021-12-25,,true
309,REQ-0309,2,4,Salaried,Regular,Spanish,2023-07-12,,true
310,REQ-0310,3,5,Salaried,Regular,Spanish,2020-01-16,,true
311,REQ-0311,1,2,Salaried,Regular,Spanish,2024-03-31,,true
312,REQ-0312,1,1,Hourly,Intern,Spanish,2024-08-03,,true
313,REQ-0313,3,5,Salaried,Regular,Spanish,2015-11-17,,true
314,REQ-0314,1,1,Hourly,Regular,Spanish,2017-06-26,,true
315,REQ-0315,3,6,Salaried,Regular,English,2025-06-23,,true
316,REQ-0316,1,4,Hourly,Regular,Spanish,2023-01-10,,true
317,REQ-0317,1,2,Hourly,Temporary,Spanish,2020-03-13,,true
318,REQ-0318,2,7,Salaried,Regular,Spanish,2023-06-04,,true
319,REQ-0319,1,1,Hourly,Regular,English,2014-01-13,,true
320,REQ-0320,2,3,Salaried,Regular,English,2021-03-08,,true
321,REQ-0321,1,4,Salaried,Regular,Spanish,2017-09-30,,true
322,REQ-0322,2,2,Salaried,Regular,Spanish,2017-08-01,,true
323,REQ-0323,1,1,Hourly,Regular,Spanish,2015-10-04,2025-06-20,false
324,REQ-0324,3,3,Salaried,Regular,Spanish,2021-12-29,,true
325,REQ-0325,1,1,Hourly,Regular,Spanish,2021-11-13,,true
326,REQ-0326,3,2,Salaried,Regular,Spanish,2014-09-20,2026-06-29,false
327,REQ-0327,1,3,Hourly,Regular,Spanish,2023-01-23,,true
328,REQ-0328,1,1,Hourly,Regular,Spanish,2018-07-23,,true
329,REQ-0329,3,7,Salaried,Regular,Spanish,2015-12-15,,true
330,REQ-0330,2,3,Salaried,Regular,Spanish,2015-04-08,,true
331,REQ-0331,1,1,Hourly,Regular,Spanish,2017-05-13,,true
332,REQ-0332,2,3,Salaried,Temporary,Spanish,2016-10-19,,true
333,REQ-0333,2,2,Salaried,Regular,English,2023-03-14,,true
334,REQ-0334,3,6,Salaried,Temporary,Spanish,2016-06-24,,true
335,REQ-0335,2,4,Salaried,Regular,English,2025-08-30,,true
336,REQ-0336,1,2,Hourly,Regular,Spanish,2018-07-05,,true
337,REQ-0337,3,2,Salaried,Regular,Spanish,2024-06-01,,true
338,REQ-0338,3,6,Salaried,Regular,Spanish,2023-01-03,,true
339,REQ-0339,3,2,Salaried,Regular,Spanish,2015-12-26,,true
340,REQ-0340,2,7,Salaried,Regular,Spanish,2014-09-24,2025-08-14,false
341,REQ-0341,1,4,Hourly,Regular,Spanish,2020-12-05,,true
342,REQ-0342,1,1,Salaried,Regular,Spanish,2026-03-13,,true
343,REQ-0343,3,5,Salaried,Temporary,Spanish,2021-08-28,,true
344,REQ-0344,1,1,Hourly,Regular,Spanish,2016-02-07,,true
345,REQ-0345,3,3,Salaried,Regular,Spanish,2015-03-30,,true
346,REQ-0346,1,1,Hourly,Regular,English,2018-01-03,,true
347,REQ-0347,1,3,Hourly,Temporary,Spanish,2024-03-07,,true
348,REQ-0348,1,1,Hourly,Regular,Spanish,2022-10-22,,true
349,REQ-0349,1,1,Hourly,Regular,Spanish,2022-08-20,,true
350,REQ-0350,1,3,Hourly,Temporary,Spanish,2023-11-13,,true
351,REQ-0351,1,2,Hourly,Intern,Spanish,2023-07-18,,true
352,REQ-0352,3,7,Salaried,Temporary,Spanish,2015-07-06,,true
353,REQ-0353,1,1,Salaried,Regular,Spanish,2022-03-20,,true
354,REQ-0354,1,2,Hourly,Regular,Spanish,2023-11-23,2026-02-22,false
355,REQ-0355,2,7,Salaried,Temporary,Spanish,2017-06-17,,true
356,REQ-0356,1,1,Hourly,Regular,Spanish,2019-07-22,,true
357,REQ-0357,3,7,Salaried,Regular,Spanish,2021-03-05,,true
358,REQ-0358,1,1,Hourly,Regular,Spanish,2017-06-01,,true
359,REQ-0359,3,6,Salaried,Regular,Spanish,2017-10-15,,true
360,REQ-0360,1,1,Hourly,Intern,Spanish,2024-02-15,,true
361,REQ-0361,3,5,Salaried,Regular,Spanish,2024-04-19,,true
362,REQ-0362,1,1,Hourly,Regular,Spanish,2025-03-05,,true
363,REQ-0363,3,3,Salaried,Regular,English,2019-12-20,2025-06-11,false
364,REQ-0364,1,4,Salaried,Regular,Spanish,2019-05-25,,true
365,REQ-0365,1,1,Hourly,Intern,Spanish,2016-01-20,,true
366,REQ-0366,1,1,Hourly,Regular,Spanish,2021-06-10,,true
367,REQ-0367,1,1,Hourly,Regular,Spanish,2014-06-21,,true
368,REQ-0368,1,1,Salaried,Regular,Spanish,2017-12-26,,true
369,REQ-0369,1,1,Salaried,Regular,Spanish,2015-11-12,,true
370,REQ-0370,2,7,Salaried,Regular,English,2019-02-15,,true
371,REQ-0371,2,7,Salaried,Regular,English,2021-03-08,,true
372,REQ-0372,2,1,Salaried,Regular,Spanish,2014-04-10,,true
373,REQ-0373,1,1,Hourly,Regular,Spanish,2016-02-19,,true
374,REQ-0374,1,2,Salaried,Regular,English,2020-11-05,,true
375,REQ-0375,1,1,Hourly,Regular,Spanish,2019-03-16,,true
376,REQ-0376,2,7,Salaried,Regular,Spanish,2024-04-21,,true
377,REQ-0377,1,2,Salaried,Regular,Spanish,2020-09-23,,true
378,REQ-0378,3,6,Salaried,Regular,Spanish,2021-05-18,,true
379,REQ-0379,1,1,Salaried,Regular,Spanish,2024-06-25,,true
380,REQ-0380,3,6,Salaried,Regular,Spanish,2014-10-02,,true
381,REQ-0381,1,2,Salaried,Regular,Spanish,2019-01-16,,true
382,REQ-0382,2,3,Salaried,Regular,English,2015-06-17,,true
383,REQ-0383,1,7,Hourly,Regular,Spanish,2023-10-07,,true
384,REQ-0384,1,1,Hourly,Regular,Spanish,2021-08-02,,true
385,REQ-0385,1,4,Hourly,Regular,Spanish,2021-06-03,,true
386,REQ-0386,1,1,Salaried,Regular,Spanish,2022-12-29,,true
387,REQ-0387,2,3,Salaried,Regular,English,2016-06-14,,true
388,REQ-0388,2,7,Salaried,Intern,English,2020-03-24,2026-03-30,false
389,REQ-0389,2,2,Salaried,Regular,Spanish,2024-11-03,2026-01-06,false
390,REQ-0390,1,4,Hourly,Regular,Spanish,2019-01-18,,true
391,REQ-0391,3,6,Salaried,Regular,Spanish,2015-11-23,,true
392,REQ-0392,1,1,Salaried,Regular,Spanish,2025-05-09,,true
393,REQ-0393,1,4,Salaried,Regular,Spanish,2024-07-06,,true
394,REQ-0394,1,7,Hourly,Regular,Spanish,2022-03-01,,true
395,REQ-0395,1,1,Hourly,Regular,English,2017-03-05,,true
396,REQ-0396,3,3,Salaried,Regular,Spanish,2015-09-30,,true
397,REQ-0397,2,7,Salaried,Regular,Spanish,2018-02-17,,true
398,REQ-0398,1,2,Hourly,Regular,Spanish,2022-04-26,,true
399,REQ-0399,3,7,Salaried,Regular,Spanish,2026-04-24,,true
400,REQ-0400,1,1,Hourly,Regular,Spanish,2019-08-01,,true
401,REQ-0401,1,3,Hourly,Temporary,Spanish,2023-11-07,,true
402,REQ-0402,3,3,Salaried,Temporary,Spanish,2020-02-23,,true
403,REQ-0403,1,1,Hourly,Regular,Spanish,2014-12-19,,true
404,REQ-0404,1,1,Hourly,Regular,Spanish,2016-01-08,,true
405,REQ-0405,2,7,Salaried,Regular,Spanish,2021-11-23,,true
406,REQ-0406,1,4,Hourly,Temporary,English,2014-03-07,,true
407,REQ-0407,2,3,Salaried,Regular,Spanish,2019-01-25,,true
408,REQ-0408,1,1,Hourly,Regular,Spanish,2017-03-10,,true
409,REQ-0409,1,2,Hourly,Regular,Spanish,2017-08-22,,true
410,REQ-0410,3,7,Salaried,Regular,Spanish,2021-04-30,,true
411,REQ-0411,3,3,Salaried,Regular,English,2016-06-18,,true
412,REQ-0412,1,1,Salaried,Temporary,Spanish,2019-04-15,,true
413,REQ-0413,3,3,Salaried,Regular,Spanish,2018-02-18,,true
414,REQ-0414,1,1,Hourly,Regular,Spanish,2021-04-06,,true
415,REQ-0415,3,7,Salaried,Regular,Spanish,2019-01-25,2025-09-14,false
416,REQ-0416,2,7,Salaried,Regular,Spanish,2026-01-02,,true
417,REQ-0417,2,7,Salaried,Regular,English,2020-11-07,,true
418,REQ-0418,1,1,Hourly,Regular,Spanish,2014-08-09,,true
419,REQ-0419,3,3,Salaried,Regular,Spanish,2017-03-16,,true
420,REQ-0420,1,4,Salaried,Temporary,Spanish,2015-06-11,,true
421,REQ-0421,3,2,Salaried,Regular,Spanish,2018-05-18,2026-03-24,false
422,REQ-0422,3,6,Salaried,Regular,Spanish,2021-02-06,,true
423,REQ-0423,1,1,Hourly,Regular,Spanish,2014-01-05,,true
424,REQ-0424,1,1,Hourly,Regular,Spanish,2015-08-30,2025-04-02,false
425,REQ-0425,2,3,Salaried,Regular,Spanish,2022-11-23,,true
426,REQ-0426,3,5,Salaried,Regular,Spanish,2014-08-30,,true
427,REQ-0427,1,6,Hourly,Intern,Spanish,2019-04-13,,true
428,REQ-0428,1,1,Hourly,Regular,English,2016-09-27,,true
429,REQ-0429,1,2,Salaried,Regular,English,2024-07-30,,true
430,REQ-0430,1,4,Hourly,Regular,Spanish,2021-02-17,,true
431,REQ-0431,1,1,Hourly,Regular,Spanish,2025-04-03,,true
432,REQ-0432,1,1,Salaried,Regular,Spanish,2024-03-27,2026-04-17,false
433,REQ-0433,1,1,Hourly,Regular,English,2022-02-12,,true
434,REQ-0434,1,2,Hourly,Regular,Spanish,2020-12-25,,true
435,REQ-0435,3,5,Salaried,Regular,Spanish,2020-04-10,,true
436,REQ-0436,3,5,Salaried,Regular,Spanish,2020-07-25,,true
437,REQ-0437,1,1,Hourly,Regular,English,2025-05-03,,true
438,REQ-0438,1,1,Salaried,Regular,English,2014-03-18,,true
439,REQ-0439,1,1,Hourly,Regular,English,2017-08-12,,true
440,REQ-0440,1,2,Salaried,Regular,Spanish,2023-10-23,2026-06-26,false
441,REQ-0441,1,2,Salaried,Regular,Spanish,2023-01-01,,true
442,REQ-0442,2,6,Salaried,Temporary,Spanish,2020-01-25,,true
443,REQ-0443,2,2,Salaried,Regular,Spanish,2015-04-06,,true
444,REQ-0444,1,1,Hourly,Regular,Spanish,2020-11-30,,true
445,REQ-0445,1,3,Hourly,Regular,Spanish,2021-12-05,,true
446,REQ-0446,3,6,Salaried,Regular,English,2019-11-27,,true
447,REQ-0447,1,2,Hourly,Regular,English,2015-07-10,,true
448,REQ-0448,1,1,Hourly,Regular,English,2015-02-22,,true
449,REQ-0449,1,1,Salaried,Regular,Spanish,2018-04-04,,true
450,REQ-0450,2,3,Salaried,Regular,Spanish,2019-01-31,2025-03-14,false
451,REQ-0451,1,2,Hourly,Regular,Spanish,2024-01-27,,true
452,REQ-0452,3,2,Salaried,Regular,Spanish,2014-04-06,,true
453,REQ-0453,2,6,Salaried,Regular,Spanish,2022-05-28,,true
454,REQ-0454,1,1,Salaried,Intern,Spanish,2025-01-12,,true
455,REQ-0455,1,1,Hourly,Regular,Spanish,2025-02-21,,true
456,REQ-0456,1,1,Hourly,Regular,Spanish,2020-05-01,,true
457,REQ-0457,1,1,Hourly,Regular,Spanish,2021-12-13,2025-12-10,false
458,REQ-0458,1,5,Hourly,Temporary,English,2014-05-15,,true
459,REQ-0459,1,1,Hourly,Regular,English,2015-03-01,2026-04-09,false
460,REQ-0460,1,1,Hourly,Regular,English,2018-10-18,,true
461,REQ-0461,1,4,Hourly,Regular,Spanish,2021-06-24,,true
462,REQ-0462,1,1,Hourly,Regular,Spanish,2025-09-08,,true
463,REQ-0463,3,2,Salaried,Intern,Spanish,2025-12-05,,true
464,REQ-0464,1,7,Salaried,Regular,Spanish,2022-05-29,,true
465,REQ-0465,1,4,Hourly,Temporary,Spanish,2021-07-27,2025-04-28,false
466,REQ-0466,1,1,Salaried,Regular,Spanish,2023-12-16,,true
467,REQ-0467,2,3,Salaried,Regular,English,2024-08-14,,true
468,REQ-0468,1,3,Hourly,Regular,English,2017-08-10,2025-07-07,false
469,REQ-0469,1,2,Hourly,Regular,Spanish,2020-05-09,,true
470,REQ-0470,1,1,Hourly,Regular,Spanish,2014-04-27,2025-10-10,false
471,REQ-0471,1,3,Salaried,Regular,Spanish,2014-02-26,2025-12-01,false
472,REQ-0472,1,1,Salaried,Regular,English,2020-01-21,,true
473,REQ-0473,1,3,Hourly,Regular,Spanish,2023-04-04,,true
474,REQ-0474,1,1,Hourly,Temporary,Spanish,2021-02-02,,true
475,REQ-0475,3,6,Salaried,Regular,Spanish,2020-12-22,,true
476,REQ-0476,1,1,Hourly,Temporary,Spanish,2022-10-10,,true
477,REQ-0477,1,1,Hourly,Regular,Spanish,2018-04-15,,true
478,REQ-0478,3,5,Salaried,Regular,Spanish,2024-05-26,,true
479,REQ-0479,1,4,Hourly,Regular,Spanish,2015-08-08,,true
480,REQ-0480,3,7,Salaried,Regular,English,2018-07-06,,true
481,REQ-0481,2,3,Salaried,Regular,Spanish,2019-04-16,,true
482,REQ-0482,1,4,Hourly,Regular,Spanish,2016-01-10,,true
483,REQ-0483,3,7,Salaried,Regular,Spanish,2023-03-18,2025-10-09,false
484,REQ-0484,3,3,Salaried,Regular,Spanish,2021-10-12,,true
485,REQ-0485,1,1,Hourly,Regular,Spanish,2016-09-24,,true
486,REQ-0486,2,3,Salaried,Regular,English,2020-08-06,,true
487,REQ-0487,1,2,Hourly,Regular,Spanish,2018-05-10,,true
488,REQ-0488,1,1,Hourly,Regular,English,2016-07-12,,true
489,REQ-0489,1,1,Hourly,Regular,Spanish,2025-11-27,,true
490,REQ-0490,2,1,Salaried,Regular,Spanish,2016-03-28,,true
491,REQ-0491,1,1,Salaried,Temporary,Spanish,2015-02-16,,true
492,REQ-0492,1,4,Hourly,Regular,Spanish,2016-09-24,,true
493,REQ-0493,3,6,Salaried,Intern,English,2020-10-30,,true
494,REQ-0494,1,1,Salaried,Regular,English,2023-03-26,,true
495,REQ-0495,1,1,Hourly,Regular,Spanish,2019-02-15,,true
496,REQ-0496,2,1,Salaried,Regular,Spanish,2022-01-27,,true
497,REQ-0497,3,5,Salaried,Regular,Spanish,2016-11-16,,true
498,REQ-0498,2,5,Salaried,Regular,Spanish,2019-03-10,2026-05-18,false
499,REQ-0499,1,1,Hourly,Regular,Spanish,2024-02-15,,true
500,REQ-0500,2,1,Salaried,Regular,Spanish,2024-04-19,,true
501,REQ-0501,1,4,Hourly,Regular,Spanish,2021-02-24,,true
502,REQ-0502,1,4,Hourly,Regular,Spanish,2023-11-14,,true
503,REQ-0503,1,7,Hourly,Regular,Spanish,2024-12-06,,true
504,REQ-0504,2,5,Salaried,Regular,English,2025-04-27,,true
505,REQ-0505,3,4,Salaried,Regular,Spanish,2026-05-21,,true
506,REQ-0506,3,5,Salaried,Regular,English,2025-07-09,,true
507,REQ-0507,1,2,Salaried,Regular,Spanish,2021-09-12,,true
508,REQ-0508,2,6,Salaried,Regular,English,2018-07-27,,true
509,REQ-0509,3,4,Salaried,Regular,Spanish,2025-07-10,,true
510,REQ-0510,2,3,Salaried,Regular,Spanish,2021-03-19,,true
511,REQ-0511,3,5,Salaried,Regular,Spanish,2022-06-25,,true
512,REQ-0512,2,3,Salaried,Temporary,Spanish,2017-11-11,,true
513,REQ-0513,1,2,Salaried,Intern,Spanish,2025-02-28,,true
514,REQ-0514,2,6,Salaried,Regular,English,2021-02-24,,true
515,REQ-0515,2,3,Salaried,Regular,Spanish,2017-12-05,,true
516,REQ-0516,1,1,Hourly,Regular,Spanish,2014-07-13,,true
517,REQ-0517,2,3,Salaried,Regular,Spanish,2016-10-19,,true
518,REQ-0518,3,3,Salaried,Regular,Spanish,2019-08-03,,true
519,REQ-0519,1,1,Hourly,Regular,Spanish,2024-12-24,,true
520,REQ-0520,3,7,Salaried,Regular,Spanish,2024-05-07,,true
521,REQ-0521,1,1,Salaried,Regular,Spanish,2023-01-23,,true
522,REQ-0522,3,5,Salaried,Regular,Spanish,2022-02-25,2025-04-07,false
523,REQ-0523,2,7,Salaried,Regular,English,2017-01-26,,true
524,REQ-0524,1,1,Hourly,Regular,English,2019-12-11,,true
525,REQ-0525,1,1,Hourly,Regular,Spanish,2023-01-08,2025-12-20,false
526,REQ-0526,1,1,Hourly,Regular,Spanish,2019-06-09,,true
527,REQ-0527,3,3,Salaried,Regular,English,2025-01-07,,true
528,REQ-0528,1,1,Hourly,Regular,English,2024-02-21,,true
529,REQ-0529,1,1,Hourly,Regular,English,2014-12-28,,true
530,REQ-0530,2,3,Salaried,Regular,Spanish,2014-03-22,,true
531,REQ-0531,2,2,Salaried,Regular,English,2021-07-13,,true
532,REQ-0532,3,4,Salaried,Regular,Spanish,2016-10-21,,true
533,REQ-0533,3,7,Salaried,Regular,Spanish,2019-11-03,,true
534,REQ-0534,2,7,Salaried,Regular,Spanish,2024-06-12,,true
535,REQ-0535,3,7,Salaried,Regular,Spanish,2023-12-25,,true
536,REQ-0536,1,2,Hourly,Temporary,Spanish,2024-09-15,,true
537,REQ-0537,2,3,Salaried,Regular,Spanish,2014-07-18,,true
538,REQ-0538,3,2,Salaried,Regular,Spanish,2020-09-22,,true
539,REQ-0539,2,3,Salaried,Regular,Spanish,2015-12-25,,true
540,REQ-0540,1,1,Salaried,Regular,Spanish,2014-10-17,,true
541,REQ-0541,1,4,Hourly,Temporary,Spanish,2021-05-31,,true
542,REQ-0542,2,2,Salaried,Regular,Spanish,2021-03-19,,true
543,REQ-0543,1,3,Hourly,Regular,Spanish,2018-10-29,,true
544,REQ-0544,1,1,Hourly,Regular,Spanish,2025-07-08,,true
545,REQ-0545,1,2,Hourly,Regular,Spanish,2024-10-02,,true
546,REQ-0546,1,1,Hourly,Regular,Spanish,2020-10-09,,true
547,REQ-0547,3,7,Salaried,Regular,Spanish,2014-05-28,,true
548,REQ-0548,1,2,Hourly,Regular,Spanish,2024-03-10,,true
549,REQ-0549,1,4,Hourly,Regular,Spanish,2020-03-06,,true
550,REQ-0550,1,4,Hourly,Regular,English,2023-02-05,,true
551,REQ-0551,1,1,Hourly,Regular,Spanish,2015-02-27,,true
552,REQ-0552,3,6,Salaried,Temporary,Spanish,2017-06-28,,true
553,REQ-0553,1,1,Hourly,Regular,Spanish,2020-02-21,,true
554,REQ-0554,1,3,Hourly,Intern,English,2023-11-05,,true
555,REQ-0555,2,3,Salaried,Regular,English,2018-04-19,,true
556,REQ-0556,3,5,Salaried,Regular,Spanish,2017-06-14,,true
557,REQ-0557,2,5,Salaried,Regular,Spanish,2021-04-16,,true
558,REQ-0558,1,1,Salaried,Temporary,Spanish,2025-03-01,,true
559,REQ-0559,1,1,Salaried,Regular,Spanish,2018-08-25,,true
560,REQ-0560,3,3,Salaried,Regular,Spanish,2023-06-02,,true
561,REQ-0561,1,1,Hourly,Regular,English,2025-04-18,,true
562,REQ-0562,1,1,Hourly,Regular,English,2024-05-29,,true
563,REQ-0563,3,3,Salaried,Regular,English,2021-11-03,,true
564,REQ-0564,2,6,Salaried,Regular,Spanish,2015-06-13,,true
565,REQ-0565,1,1,Hourly,Temporary,English,2014-10-01,,true
566,REQ-0566,1,1,Hourly,Regular,English,2024-03-29,,true
567,REQ-0567,3,1,Salaried,Regular,Spanish,2026-02-16,,true
568,REQ-0568,2,7,Salaried,Regular,English,2015-07-09,,true
569,REQ-0569,3,6,Salaried,Regular,Spanish,2018-03-27,,true
570,REQ-0570,1,2,Hourly,Regular,Spanish,2016-05-04,,true
571,REQ-0571,1,1,Salaried,Regular,Spanish,2021-04-12,,true
572,REQ-0572,3,7,Salaried,Regular,English,2014-02-10,,true
573,REQ-0573,1,4,Salaried,Intern,Spanish,2014-07-20,,true
574,REQ-0574,1,1,Salaried,Temporary,Spanish,2019-06-19,,true
575,REQ-0575,2,4,Salaried,Regular,Spanish,2025-10-21,,true
576,REQ-0576,1,1,Hourly,Regular,Spanish,2019-11-30,,true
577,REQ-0577,2,3,Salaried,Intern,English,2020-03-31,,true
578,REQ-0578,1,1,Hourly,Regular,Spanish,2015-01-27,,true
579,REQ-0579,2,5,Salaried,Regular,Spanish,2024-03-19,,true
580,REQ-0580,2,3,Salaried,Regular,Spanish,2020-01-18,,true
581,REQ-0581,3,3,Salaried,Regular,Spanish,2021-04-08,,true
582,REQ-0582,1,1,Hourly,Regular,Spanish,2020-01-07,,true
583,REQ-0583,3,7,Salaried,Regular,Spanish,2022-09-26,,true
584,REQ-0584,1,1,Salaried,Temporary,Spanish,2025-10-16,,true
585,REQ-0585,3,6,Salaried,Intern,Spanish,2022-05-28,,true
586,REQ-0586,2,4,Salaried,Regular,Spanish,2015-05-11,2025-06-15,false
587,REQ-0587,2,3,Salaried,Regular,English,2023-07-19,,true
588,REQ-0588,1,1,Salaried,Regular,Spanish,2017-03-27,,true
589,REQ-0589,1,3,Salaried,Temporary,Spanish,2020-06-18,2026-05-03,false
590,REQ-0590,3,3,Salaried,Regular,English,2021-10-25,,true
591,REQ-0591,1,1,Salaried,Regular,Spanish,2023-07-19,,true
592,REQ-0592,2,4,Salaried,Temporary,English,2023-04-07,,true
593,REQ-0593,1,1,Hourly,Regular,English,2022-02-05,2025-06-16,false
594,REQ-0594,1,1,Hourly,Regular,Spanish,2016-01-05,,true
595,REQ-0595,1,7,Salaried,Regular,Spanish,2014-06-07,2025-02-24,false
596,REQ-0596,1,7,Hourly,Regular,Spanish,2015-09-30,,true
597,REQ-0597,1,1,Hourly,Regular,Spanish,2025-07-05,,true
598,REQ-0598,1,1,Hourly,Regular,Spanish,2026-02-12,,true
599,REQ-0599,2,7,Salaried,Regular,Spanish,2014-12-04,,true
600,REQ-0600,1,1,Hourly,Regular,English,2022-05-06,,true
601,REQ-0601,1,1,Hourly,Regular,Spanish,2025-09-16,,true
602,REQ-0602,1,6,Salaried,Regular,English,2015-04-11,2025-02-14,false
603,REQ-0603,2,7,Salaried,Regular,Spanish,2020-01-21,,true
604,REQ-0604,3,5,Salaried,Regular,Spanish,2020-06-17,,true
605,REQ-0605,2,3,Salaried,Regular,Spanish,2014-10-29,,true
606,REQ-0606,2,3,Salaried,Regular,Spanish,2014-03-25,2025-01-03,false
607,REQ-0607,2,7,Salaried,Temporary,Spanish,2014-08-03,,true
608,REQ-0608,1,4,Hourly,Temporary,English,2014-07-02,,true
609,REQ-0609,3,5,Salaried,Regular,English,2022-12-23,,true
610,REQ-0610,3,2,Salaried,Regular,Spanish,2017-10-14,,true
611,REQ-0611,2,2,Salaried,Regular,Spanish,2022-01-14,,true
612,REQ-0612,1,1,Hourly,Temporary,English,2018-08-05,,true
613,REQ-0613,2,2,Salaried,Regular,Spanish,2021-09-30,,true
614,REQ-0614,1,2,Salaried,Regular,Spanish,2015-03-01,,true
615,REQ-0615,1,4,Salaried,Regular,English,2019-06-25,,true
616,REQ-0616,3,2,Salaried,Regular,Spanish,2019-04-08,2026-03-12,false
617,REQ-0617,2,7,Salaried,Temporary,Spanish,2017-05-01,2025-08-05,false
618,REQ-0618,1,4,Hourly,Regular,English,2019-03-28,,true
619,REQ-0619,3,5,Salaried,Regular,Spanish,2022-03-04,,true
620,REQ-0620,1,1,Hourly,Regular,Spanish,2017-07-02,,true
621,REQ-0621,1,1,Hourly,Regular,Spanish,2026-06-12,,true
622,REQ-0622,1,1,Hourly,Regular,Spanish,2023-06-30,,true
623,REQ-0623,2,3,Salaried,Intern,Spanish,2025-10-27,,true
624,REQ-0624,3,4,Salaried,Regular,Spanish,2025-04-27,,true
625,REQ-0625,1,1,Hourly,Regular,Spanish,2016-08-13,,true
626,REQ-0626,1,4,Hourly,Regular,Spanish,2017-12-11,,true
627,REQ-0627,1,1,Hourly,Regular,Spanish,2017-03-01,,true
628,REQ-0628,3,7,Salaried,Regular,Spanish,2018-08-15,,true
629,REQ-0629,3,6,Salaried,Regular,Spanish,2022-08-03,2025-01-20,false
630,REQ-0630,3,7,Salaried,Intern,Spanish,2015-09-30,,true
631,REQ-0631,3,7,Salaried,Regular,Spanish,2022-04-16,,true
632,REQ-0632,1,2,Hourly,Regular,English,2017-01-23,,true
633,REQ-0633,3,7,Salaried,Temporary,Spanish,2025-10-31,,true
634,REQ-0634,3,7,Salaried,Intern,Spanish,2016-05-31,,true
635,REQ-0635,1,1,Hourly,Regular,Spanish,2025-12-17,,true
636,REQ-0636,2,3,Salaried,Regular,Spanish,2024-03-21,,true
637,REQ-0637,3,2,Salaried,Regular,Spanish,2022-11-03,,true
638,REQ-0638,3,7,Salaried,Temporary,Spanish,2021-06-13,,true
639,REQ-0639,2,7,Salaried,Regular,Spanish,2016-10-28,,true
640,REQ-0640,1,1,Salaried,Regular,Spanish,2016-06-16,,true
641,REQ-0641,1,3,Salaried,Regular,Spanish,2023-10-23,,true
642,REQ-0642,3,7,Salaried,Regular,Spanish,2020-07-30,,true
643,REQ-0643,1,4,Salaried,Regular,Spanish,2016-02-01,,true
644,REQ-0644,3,6,Salaried,Regular,English,2023-03-12,2025-11-15,false
645,REQ-0645,1,1,Salaried,Regular,Spanish,2026-04-07,,true
646,REQ-0646,3,5,Salaried,Regular,Spanish,2018-10-12,,true
647,REQ-0647,2,3,Salaried,Regular,Spanish,2020-12-09,,true
648,REQ-0648,3,6,Salaried,Regular,Spanish,2022-02-19,,true
649,REQ-0649,2,3,Salaried,Temporary,Spanish,2018-08-31,,true
650,REQ-0650,3,2,Salaried,Regular,Spanish,2025-12-11,2026-06-27,false
651,REQ-0651,1,1,Hourly,Regular,English,2022-03-24,,true
652,REQ-0652,2,6,Salaried,Regular,English,2016-03-05,,true
653,REQ-0653,1,1,Hourly,Regular,Spanish,2021-06-17,,true
654,REQ-0654,1,6,Hourly,Regular,Spanish,2024-02-04,,true
655,REQ-0655,3,5,Salaried,Regular,English,2015-03-27,,true
656,REQ-0656,2,3,Salaried,Regular,Spanish,2025-06-29,,true
657,REQ-0657,1,3,Hourly,Intern,Spanish,2014-08-08,,true
658,REQ-0658,1,1,Salaried,Regular,Spanish,2015-02-10,,true
659,REQ-0659,1,1,Salaried,Regular,English,2021-10-05,,true
660,REQ-0660,1,2,Hourly,Regular,Spanish,2021-04-04,,true
661,REQ-0661,3,5,Salaried,Regular,Spanish,2024-01-09,,true
662,REQ-0662,1,2,Hourly,Regular,Spanish,2021-08-22,,true
663,REQ-0663,1,1,Salaried,Regular,Spanish,2016-07-19,2025-09-14,false
664,REQ-0664,2,1,Salaried,Regular,English,2014-05-11,,true
665,REQ-0665,3,5,Salaried,Temporary,Spanish,2020-01-05,,true
666,REQ-0666,1,1,Hourly,Regular,Spanish,2015-04-15,,true
667,REQ-0667,1,1,Salaried,Regular,Spanish,2021-05-10,,true
668,REQ-0668,2,4,Salaried,Regular,Spanish,2020-09-11,,true
669,REQ-0669,3,3,Salaried,Regular,Spanish,2015-02-26,,true
670,REQ-0670,3,6,Salaried,Intern,Spanish,2026-03-31,,true
671,REQ-0671,3,3,Salaried,Regular,Spanish,2023-12-31,,true
672,REQ-0672,2,5,Salaried,Regular,Spanish,2014-03-29,,true
673,REQ-0673,1,2,Salaried,Regular,Spanish,2020-09-07,,true
674,REQ-0674,1,1,Hourly,Regular,Spanish,2021-02-03,,true
675,REQ-0675,1,1,Salaried,Regular,English,2015-12-11,,true
676,REQ-0676,1,2,Hourly,Regular,Spanish,2020-04-29,,true
677,REQ-0677,2,7,Salaried,Regular,English,2020-07-14,,true
678,REQ-0678,2,1,Salaried,Regular,English,2018-09-04,,true
679,REQ-0679,1,6,Salaried,Regular,Spanish,2015-01-05,,true
680,REQ-0680,1,1,Salaried,Regular,Spanish,2022-10-27,,true
681,REQ-0681,2,3,Salaried,Regular,Spanish,2023-04-06,,true
682,REQ-0682,1,1,Hourly,Regular,Spanish,2023-08-24,,true
683,REQ-0683,1,2,Hourly,Regular,Spanish,2020-02-20,,true
684,REQ-0684,2,3,Salaried,Regular,English,2014-01-02,,true
685,REQ-0685,3,5,Salaried,Regular,Spanish,2016-01-17,,true
686,REQ-0686,3,5,Salaried,Regular,Spanish,2015-03-23,,true
687,REQ-0687,3,2,Salaried,Regular,Spanish,2021-09-24,,true
688,REQ-0688,3,6,Salaried,Temporary,Spanish,2023-09-22,,true
689,REQ-0689,1,2,Hourly,Regular,Spanish,2019-09-24,,true
690,REQ-0690,1,1,Salaried,Regular,Spanish,2019-09-15,,true
691,REQ-0691,2,7,Salaried,Regular,Spanish,2025-08-17,,true
692,REQ-0692,2,7,Salaried,Regular,Spanish,2016-08-05,,true
693,REQ-0693,3,3,Salaried,Regular,Spanish,2014-01-08,,true
694,REQ-0694,1,6,Hourly,Temporary,Spanish,2019-08-13,,true
695,REQ-0695,1,2,Hourly,Regular,Spanish,2024-04-19,,true
696,REQ-0696,3,6,Salaried,Temporary,Spanish,2019-07-30,,true
697,REQ-0697,1,1,Salaried,Regular,Spanish,2018-03-02,,true
698,REQ-0698,2,7,Salaried,Regular,Spanish,2023-06-13,2025-10-15,false
699,REQ-0699,1,1,Hourly,Temporary,Spanish,2020-08-29,,true
700,REQ-0700,1,1,Hourly,Regular,Spanish,2015-04-27,,true
701,REQ-0701,3,3,Salaried,Regular,Spanish,2021-08-08,,true
702,REQ-0702,1,1,Salaried,Regular,Spanish,2016-07-06,,true
703,REQ-0703,1,1,Hourly,Regular,Spanish,2023-08-11,,true
704,REQ-0704,2,1,Salaried,Regular,Spanish,2016-06-30,,true
705,REQ-0705,2,4,Salaried,Regular,Spanish,2025-08-09,,true
706,REQ-0706,1,1,Salaried,Regular,Spanish,2023-06-15,,true
707,REQ-0707,2,1,Salaried,Regular,Spanish,2025-10-23,,true
708,REQ-0708,1,4,Hourly,Temporary,Spanish,2018-06-20,,true
709,REQ-0709,2,3,Salaried,Regular,Spanish,2017-10-31,,true
710,REQ-0710,1,1,Hourly,Regular,Spanish,2017-09-09,,true
711,REQ-0711,3,1,Salaried,Regular,Spanish,2018-02-23,,true
712,REQ-0712,3,2,Salaried,Regular,Spanish,2016-08-08,,true
713,REQ-0713,3,2,Salaried,Intern,Spanish,2023-03-11,,true
714,REQ-0714,2,6,Salaried,Regular,Spanish,2016-04-02,,true
715,REQ-0715,1,2,Salaried,Regular,Spanish,2024-01-02,,true
716,REQ-0716,3,5,Salaried,Regular,Spanish,2016-03-13,,true
717,REQ-0717,2,3,Salaried,Regular,Spanish,2016-01-05,,true
718,REQ-0718,2,6,Salaried,Regular,Spanish,2024-07-19,,true
719,REQ-0719,1,4,Hourly,Regular,Spanish,2022-10-04,,true
720,REQ-0720,1,1,Hourly,Regular,English,2018-10-14,,true
721,REQ-0721,1,4,Hourly,Temporary,Spanish,2018-06-09,,true
722,REQ-0722,3,4,Salaried,Regular,Spanish,2023-11-09,,true
723,REQ-0723,1,1,Hourly,Regular,Spanish,2016-09-18,,true
724,REQ-0724,1,1,Hourly,Regular,English,2015-11-10,,true
725,REQ-0725,2,3,Salaried,Regular,Spanish,2015-09-04,,true
726,REQ-0726,3,5,Salaried,Regular,Spanish,2021-09-24,,true
727,REQ-0727,3,5,Salaried,Regular,English,2019-07-14,,true
728,REQ-0728,2,3,Salaried,Regular,Spanish,2019-07-10,,true
729,REQ-0729,2,3,Salaried,Temporary,Spanish,2019-04-09,,true
730,REQ-0730,3,5,Salaried,Temporary,Spanish,2024-11-21,2025-08-22,false
731,REQ-0731,2,3,Salaried,Temporary,Spanish,2024-10-30,,true
732,REQ-0732,3,2,Salaried,Regular,Spanish,2017-04-29,,true
733,REQ-0733,2,5,Salaried,Regular,Spanish,2019-01-18,,true
734,REQ-0734,1,1,Salaried,Regular,Spanish,2015-09-18,,true
735,REQ-0735,3,6,Salaried,Regular,Spanish,2015-05-24,,true
736,REQ-0736,2,3,Salaried,Regular,Spanish,2024-03-16,,true
737,REQ-0737,1,1,Hourly,Regular,Spanish,2023-11-18,,true
738,REQ-0738,3,7,Salaried,Regular,Spanish,2014-07-29,,true
739,REQ-0739,1,3,Hourly,Regular,Spanish,2024-10-11,2025-10-10,false
740,REQ-0740,1,1,Hourly,Regular,Spanish,2023-07-29,,true
741,REQ-0741,1,1,Hourly,Regular,Spanish,2024-07-24,,true
742,REQ-0742,2,2,Salaried,Temporary,Spanish,2015-02-02,,true
743,REQ-0743,1,1,Salaried,Regular,English,2020-04-02,,true
744,REQ-0744,2,3,Salaried,Regular,Spanish,2014-04-08,,true
745,REQ-0745,1,1,Hourly,Regular,Spanish,2017-05-22,,true
746,REQ-0746,1,7,Hourly,Regular,Spanish,2024-12-12,,true
747,REQ-0747,1,1,Hourly,Regular,Spanish,2026-01-05,,true
748,REQ-0748,3,2,Salaried,Regular,Spanish,2021-02-21,,true
749,REQ-0749,3,7,Salaried,Intern,Spanish,2015-07-18,,true
750,REQ-0750,1,1,Hourly,Regular,English,2019-05-02,,true
751,REQ-0751,1,2,Hourly,Regular,Spanish,2021-05-11,,true
752,REQ-0752,1,2,Salaried,Regular,Spanish,2014-06-29,,true
753,REQ-0753,2,2,Salaried,Regular,Spanish,2016-04-17,,true
754,REQ-0754,2,3,Salaried,Regular,Spanish,2019-02-13,,true
755,REQ-0755,2,3,Salaried,Regular,Spanish,2019-01-03,,true
756,REQ-0756,1,4,Salaried,Temporary,Spanish,2023-03-29,,true
757,REQ-0757,1,1,Hourly,Regular,Spanish,2023-11-07,2025-07-24,false
758,REQ-0758,1,4,Hourly,Regular,Spanish,2024-05-18,,true
759,REQ-0759,1,4,Hourly,Regular,English,2016-08-07,,true
760,REQ-0760,2,3,Salaried,Intern,English,2018-03-27,,true
761,REQ-0761,1,4,Hourly,Regular,English,2016-06-14,,true
762,REQ-0762,2,7,Salaried,Regular,Spanish,2025-05-10,,true
763,REQ-0763,1,2,Hourly,Regular,Spanish,2021-01-22,,true
764,REQ-0764,1,2,Hourly,Regular,Spanish,2025-08-01,,true
765,REQ-0765,1,1,Hourly,Regular,Spanish,2020-06-21,,true
766,REQ-0766,3,7,Salaried,Intern,English,2021-11-04,,true
767,REQ-0767,1,1,Hourly,Regular,Spanish,2023-03-25,2026-05-14,false
768,REQ-0768,2,3,Salaried,Regular,Spanish,2019-07-16,,true
769,REQ-0769,1,2,Hourly,Regular,Spanish,2025-03-16,,true
770,REQ-0770,1,1,Hourly,Regular,English,2022-09-12,,true
771,REQ-0771,2,4,Salaried,Regular,Spanish,2018-12-15,,true
772,REQ-0772,3,6,Salaried,Temporary,Spanish,2017-11-16,,true
773,REQ-0773,1,3,Hourly,Regular,English,2018-01-03,,true
774,REQ-0774,1,4,Hourly,Regular,English,2018-11-27,,true
775,REQ-0775,3,5,Salaried,Regular,Spanish,2023-12-05,,true
776,REQ-0776,3,2,Salaried,Regular,Spanish,2014-09-20,,true
777,REQ-0777,3,6,Salaried,Regular,Spanish,2020-01-25,,true
778,REQ-0778,2,6,Salaried,Intern,Spanish,2017-02-25,,true
779,REQ-0779,2,6,Salaried,Regular,Spanish,2023-10-24,,true
780,REQ-0780,1,1,Hourly,Regular,Spanish,2023-06-13,,true
781,REQ-0781,2,5,Salaried,Regular,English,2022-01-19,,true
782,REQ-0782,1,2,Hourly,Regular,Spanish,2019-04-23,,true
783,REQ-0783,1,1,Salaried,Regular,Spanish,2017-07-24,,true
784,REQ-0784,3,7,Salaried,Regular,Spanish,2014-06-06,,true
785,REQ-0785,2,1,Salaried,Temporary,Spanish,2016-10-05,,true
786,REQ-0786,1,1,Hourly,Regular,English,2019-09-22,,true
787,REQ-0787,1,2,Hourly,Regular,Spanish,2018-03-04,,true
788,REQ-0788,1,1,Hourly,Temporary,Spanish,2016-07-13,,true
789,REQ-0789,2,4,Salaried,Regular,Spanish,2015-02-06,,true
790,REQ-0790,1,1,Hourly,Regular,Spanish,2021-09-03,2026-05-25,false
791,REQ-0791,1,1,Hourly,Regular,English,2014-03-24,2025-03-16,false
792,REQ-0792,1,6,Hourly,Regular,Spanish,2014-10-23,,true
793,REQ-0793,2,2,Salaried,Regular,English,2016-05-25,,true
794,REQ-0794,2,3,Salaried,Regular,Spanish,2014-10-22,,true
795,REQ-0795,2,3,Salaried,Regular,Spanish,2014-07-04,2025-06-12,false
796,REQ-0796,3,7,Salaried,Regular,English,2021-08-25,,true
797,REQ-0797,2,6,Salaried,Regular,Spanish,2023-11-08,2025-04-08,false
798,REQ-0798,1,4,Hourly,Regular,Spanish,2018-08-01,,true
799,REQ-0799,3,7,Salaried,Regular,Spanish,2024-04-12,,true
800,REQ-0800,1,1,Hourly,Regular,Spanish,2024-05-26,,true
801,REQ-0801,1,3,Hourly,Regular,Spanish,2023-05-22,,true
802,REQ-0802,2,6,Salaried,Regular,Spanish,2015-10-06,,true
803,REQ-0803,2,7,Salaried,Regular,English,2025-05-09,,true
804,REQ-0804,1,1,Salaried,Regular,English,2021-07-27,2025-02-13,false
805,REQ-0805,1,7,Hourly,Regular,Spanish,2014-03-05,,true
806,REQ-0806,3,1,Salaried,Regular,Spanish,2020-06-07,,true
807,REQ-0807,1,1,Hourly,Regular,Spanish,2021-07-20,,true
808,REQ-0808,3,7,Salaried,Regular,Spanish,2015-01-24,2025-03-21,false
809,REQ-0809,3,6,Salaried,Regular,English,2023-02-01,,true
810,REQ-0810,2,3,Salaried,Regular,Spanish,2025-09-16,,true
811,REQ-0811,3,5,Salaried,Regular,English,2022-10-13,,true
812,REQ-0812,3,5,Salaried,Intern,Spanish,2021-01-19,2025-07-30,false
813,REQ-0813,1,1,Hourly,Regular,Spanish,2022-06-01,,true
814,REQ-0814,1,3,Hourly,Regular,Spanish,2019-11-27,,true
815,REQ-0815,3,7,Salaried,Regular,Spanish,2021-12-22,,true
816,REQ-0816,1,4,Salaried,Regular,Spanish,2014-03-18,,true
817,REQ-0817,1,4,Hourly,Regular,Spanish,2016-06-23,,true
818,REQ-0818,2,7,Salaried,Intern,Spanish,2018-07-05,,true
819,REQ-0819,3,7,Salaried,Temporary,English,2023-05-30,,true
820,REQ-0820,1,2,Hourly,Regular,Spanish,2019-05-05,,true
821,REQ-0821,1,1,Hourly,Regular,Spanish,2016-01-08,,true
822,REQ-0822,1,2,Hourly,Regular,English,2014-07-16,,true
823,REQ-0823,1,3,Salaried,Regular,Spanish,2026-06-10,,true
824,REQ-0824,3,3,Salaried,Regular,Spanish,2018-09-16,,true
825,REQ-0825,1,1,Salaried,Regular,Spanish,2015-06-10,2025-11-06,false
826,REQ-0826,2,3,Salaried,Temporary,Spanish,2015-11-07,,true
827,REQ-0827,2,3,Salaried,Regular,English,2016-03-25,,true
828,REQ-0828,2,6,Salaried,Regular,Spanish,2014-11-23,,true
829,REQ-0829,1,1,Hourly,Regular,Spanish,2019-01-02,,true
830,REQ-0830,2,2,Salaried,Regular,Spanish,2018-07-23,,true
831,REQ-0831,3,4,Salaried,Regular,Spanish,2019-11-14,,true
832,REQ-0832,1,1,Salaried,Regular,Spanish,2018-04-19,,true
833,REQ-0833,1,4,Hourly,Regular,Spanish,2025-09-18,,true
834,REQ-0834,1,1,Salaried,Regular,Spanish,2015-03-09,,true
835,REQ-0835,1,1,Hourly,Regular,Spanish,2023-09-06,,true
836,REQ-0836,1,2,Hourly,Regular,Spanish,2023-04-03,2025-07-15,false
837,REQ-0837,1,1,Hourly,Regular,Spanish,2021-10-09,,true
838,REQ-0838,1,4,Hourly,Regular,Spanish,2019-11-23,,true
839,REQ-0839,3,5,Salaried,Regular,Spanish,2021-08-02,,true
840,REQ-0840,2,7,Salaried,Regular,Spanish,2021-10-10,,true
841,REQ-0841,2,1,Salaried,Regular,Spanish,2016-03-26,,true
842,REQ-0842,1,2,Salaried,Regular,Spanish,2020-07-08,,true
843,REQ-0843,2,2,Salaried,Regular,Spanish,2020-08-16,,true
844,REQ-0844,2,3,Salaried,Regular,English,2024-10-29,,true
845,REQ-0845,2,1,Salaried,Regular,Spanish,2019-11-04,,true
846,REQ-0846,3,3,Salaried,Regular,Spanish,2020-03-21,,true
847,REQ-0847,1,2,Hourly,Regular,Spanish,2019-01-28,,true
848,REQ-0848,3,3,Salaried,Regular,Spanish,2024-04-07,,true
849,REQ-0849,2,6,Salaried,Regular,Spanish,2016-01-04,,true
850,REQ-0850,3,5,Salaried,Regular,Spanish,2024-08-23,,true
851,REQ-0851,1,4,Hourly,Regular,English,2019-02-03,,true
852,REQ-0852,1,3,Salaried,Regular,Spanish,2022-01-09,,true
853,REQ-0853,1,6,Hourly,Regular,English,2023-06-12,,true
854,REQ-0854,1,1,Hourly,Regular,Spanish,2024-11-21,,true
855,REQ-0855,3,5,Salaried,Regular,Spanish,2023-09-17,2026-03-13,false
856,REQ-0856,1,1,Salaried,Regular,Spanish,2017-12-13,,true
857,REQ-0857,1,1,Hourly,Regular,Spanish,2024-10-18,,true
858,REQ-0858,2,6,Salaried,Regular,Spanish,2019-01-17,2025-10-31,false
859,REQ-0859,3,7,Salaried,Regular,Spanish,2020-12-18,,true
860,REQ-0860,2,7,Salaried,Regular,English,2016-11-25,,true
861,REQ-0861,3,6,Salaried,Regular,English,2015-10-28,2025-01-01,false
862,REQ-0862,3,5,Salaried,Regular,Spanish,2023-08-07,,true
863,REQ-0863,1,1,Hourly,Regular,English,2020-09-01,,true
864,REQ-0864,1,2,Hourly,Regular,Spanish,2014-04-29,,true
865,REQ-0865,3,6,Salaried,Regular,Spanish,2015-07-16,2025-03-05,false
866,REQ-0866,3,7,Salaried,Temporary,Spanish,2023-05-25,,true
867,REQ-0867,1,1,Hourly,Regular,Spanish,2025-07-26,,true
868,REQ-0868,1,1,Hourly,Regular,Spanish,2014-09-19,,true
869,REQ-0869,2,2,Salaried,Intern,Spanish,2018-03-02,,true
870,REQ-0870,2,3,Salaried,Regular,English,2019-03-27,,true
871,REQ-0871,1,1,Hourly,Regular,Spanish,2022-03-18,,true
872,REQ-0872,2,3,Salaried,Regular,Spanish,2015-04-02,2025-03-26,false
873,REQ-0873,1,2,Hourly,Temporary,English,2024-07-05,,true
874,REQ-0874,1,7,Hourly,Regular,Spanish,2021-06-13,,true
875,REQ-0875,3,6,Salaried,Temporary,English,2021-10-28,,true
876,REQ-0876,1,1,Salaried,Regular,English,2024-12-20,,true
877,REQ-0877,1,4,Hourly,Regular,Spanish,2014-03-21,,true
878,REQ-0878,2,6,Salaried,Regular,Spanish,2018-07-05,,true
879,REQ-0879,1,1,Hourly,Regular,English,2022-01-18,,true
880,REQ-0880,3,6,Salaried,Regular,English,2024-03-29,,true
881,REQ-0881,1,2,Hourly,Intern,Spanish,2019-06-07,2025-01-27,false
882,REQ-0882,1,1,Salaried,Regular,Spanish,2019-10-31,,true
883,REQ-0883,1,1,Hourly,Regular,Spanish,2022-02-28,,true
884,REQ-0884,1,1,Salaried,Regular,English,2024-01-05,,true
885,REQ-0885,1,1,Hourly,Regular,English,2016-05-06,,true
886,REQ-0886,2,3,Salaried,Regular,English,2014-09-10,,true
887,REQ-0887,1,1,Hourly,Regular,Spanish,2023-10-30,,true
888,REQ-0888,2,4,Salaried,Regular,Spanish,2020-02-29,,true
889,REQ-0889,2,7,Salaried,Regular,Spanish,2023-05-07,,true
890,REQ-0890,3,7,Salaried,Regular,English,2014-05-15,,true
891,REQ-0891,1,2,Hourly,Regular,Spanish,2024-08-03,,true
892,REQ-0892,1,1,Hourly,Regular,Spanish,2017-03-11,,true
893,REQ-0893,1,2,Salaried,Regular,Spanish,2024-07-11,,true
894,REQ-0894,2,5,Salaried,Regular,Spanish,2025-02-14,,true
895,REQ-0895,2,3,Salaried,Regular,Spanish,2021-11-05,,true
896,REQ-0896,2,2,Salaried,Temporary,Spanish,2023-10-31,,true
897,REQ-0897,2,3,Salaried,Regular,Spanish,2014-07-06,,true
898,REQ-0898,2,5,Salaried,Regular,Spanish,2015-09-21,2025-09-26,false
899,REQ-0899,1,1,Hourly,Regular,Spanish,2021-01-16,,true
900,REQ-0900,3,2,Salaried,Regular,Spanish,2023-07-09,,true
901,REQ-0901,1,1,Hourly,Regular,Spanish,2015-10-03,2025-11-27,false
902,REQ-0902,1,1,Salaried,Regular,Spanish,2022-08-20,,true
903,REQ-0903,1,1,Salaried,Regular,Spanish,2022-11-09,,true
904,REQ-0904,1,7,Hourly,Regular,English,2025-01-16,,true
905,REQ-0905,1,1,Hourly,Regular,English,2018-09-28,,true
906,REQ-0906,3,3,Salaried,Regular,Spanish,2020-07-25,2026-03-27,false
907,REQ-0907,1,1,Salaried,Regular,Spanish,2021-02-18,,true
908,REQ-0908,1,4,Hourly,Regular,Spanish,2014-11-04,,true
909,REQ-0909,1,1,Hourly,Regular,Spanish,2024-05-02,,true
910,REQ-0910,3,5,Salaried,Regular,Spanish,2015-01-29,,true
911,REQ-0911,1,2,Salaried,Intern,English,2025-11-01,2026-02-20,false
912,REQ-0912,2,1,Salaried,Regular,English,2018-11-10,,true
913,REQ-0913,3,3,Salaried,Regular,Spanish,2021-08-29,,true
914,REQ-0914,1,3,Hourly,Regular,Spanish,2017-07-11,2026-02-18,false
915,REQ-0915,2,7,Salaried,Regular,Spanish,2019-04-06,,true
916,REQ-0916,2,3,Salaried,Temporary,Spanish,2021-12-12,,true
917,REQ-0917,3,6,Salaried,Regular,Spanish,2022-01-11,,true
918,REQ-0918,1,1,Salaried,Regular,Spanish,2018-07-01,,true
919,REQ-0919,1,1,Hourly,Regular,Spanish,2024-06-27,,true
920,REQ-0920,3,6,Salaried,Regular,Spanish,2014-06-24,,true
921,REQ-0921,3,5,Salaried,Regular,Spanish,2017-06-19,2026-06-18,false
922,REQ-0922,1,4,Salaried,Regular,English,2017-12-05,2026-03-16,false
923,REQ-0923,3,6,Salaried,Intern,Spanish,2015-12-14,,true
924,REQ-0924,1,1,Hourly,Regular,Spanish,2017-07-17,,true
925,REQ-0925,1,1,Salaried,Regular,Spanish,2017-11-07,,true
926,REQ-0926,1,1,Hourly,Regular,Spanish,2015-09-19,,true
927,REQ-0927,1,1,Salaried,Regular,Spanish,2019-11-01,2025-11-09,false
928,REQ-0928,1,1,Hourly,Regular,Spanish,2025-03-16,,true
929,REQ-0929,1,3,Hourly,Regular,Spanish,2014-03-13,,true
930,REQ-0930,1,1,Hourly,Regular,English,2016-02-10,2026-03-27,false
931,REQ-0931,1,1,Hourly,Regular,Spanish,2021-06-05,,true
932,REQ-0932,1,1,Hourly,Regular,English,2025-02-03,,true
933,REQ-0933,1,2,Hourly,Regular,English,2015-12-11,,true
934,REQ-0934,3,3,Salaried,Regular,Spanish,2015-09-10,,true
935,REQ-0935,1,1,Hourly,Regular,Spanish,2022-06-29,,true
936,REQ-0936,1,1,Hourly,Regular,English,2024-11-27,,true
937,REQ-0937,1,4,Hourly,Regular,Spanish,2019-06-11,,true
938,REQ-0938,3,6,Salaried,Regular,Spanish,2022-12-25,,true
939,REQ-0939,1,1,Hourly,Regular,Spanish,2025-08-17,,true
940,REQ-0940,1,1,Hourly,Regular,Spanish,2024-07-04,,true
941,REQ-0941,1,7,Hourly,Regular,Spanish,2015-04-01,,true
942,REQ-0942,1,1,Hourly,Regular,Spanish,2025-11-09,,true
943,REQ-0943,3,3,Salaried,Regular,Spanish,2017-02-11,,true
944,REQ-0944,1,1,Salaried,Regular,English,2014-03-30,2025-09-25,false
945,REQ-0945,1,1,Salaried,Intern,Spanish,2025-12-22,,true
946,REQ-0946,3,6,Salaried,Regular,Spanish,2022-11-09,,true
947,REQ-0947,3,5,Salaried,Regular,Spanish,2016-08-19,,true
948,REQ-0948,1,1,Hourly,Regular,Spanish,2014-11-18,,true
949,REQ-0949,2,1,Salaried,Regular,Spanish,2025-02-17,,true
950,REQ-0950,1,1,Salaried,Regular,Spanish,2024-01-14,,true
951,REQ-0951,2,3,Salaried,Regular,Spanish,2016-02-21,,true
952,REQ-0952,1,1,Salaried,Intern,Spanish,2018-05-05,2025-11-20,false
953,REQ-0953,2,3,Salaried,Regular,Spanish,2014-10-26,,true
954,REQ-0954,1,1,Salaried,Regular,English,2022-04-19,,true
955,REQ-0955,2,6,Salaried,Regular,Spanish,2020-07-03,,true
956,REQ-0956,3,2,Salaried,Regular,Spanish,2023-05-30,,true
957,REQ-0957,2,1,Salaried,Regular,Spanish,2022-11-06,,true
958,REQ-0958,3,5,Salaried,Regular,Spanish,2025-07-20,,true
959,REQ-0959,1,4,Hourly,Regular,Spanish,2017-08-26,,true
960,REQ-0960,1,2,Hourly,Regular,Spanish,2019-04-21,,true
961,REQ-0961,1,1,Hourly,Regular,Spanish,2023-08-08,,true
962,REQ-0962,3,3,Salaried,Regular,English,2020-01-03,,true
963,REQ-0963,2,5,Salaried,Regular,English,2017-03-29,,true
964,REQ-0964,1,1,Salaried,Regular,Spanish,2021-05-29,,true
965,REQ-0965,1,1,Hourly,Regular,Spanish,2021-09-16,,true
966,REQ-0966,1,2,Hourly,Regular,Spanish,2015-11-24,,true
967,REQ-0967,3,3,Salaried,Intern,Spanish,2022-06-19,,true
968,REQ-0968,2,2,Salaried,Regular,Spanish,2014-04-05,,true
969,REQ-0969,1,1,Hourly,Regular,Spanish,2016-09-11,,true
970,REQ-0970,1,2,Salaried,Regular,Spanish,2019-06-01,,true
971,REQ-0971,2,4,Salaried,Regular,Spanish,2023-06-09,,true
972,REQ-0972,3,5,Salaried,Regular,Spanish,2023-02-10,,true
973,REQ-0973,2,2,Salaried,Regular,Spanish,2023-10-29,,true
974,REQ-0974,1,7,Hourly,Regular,English,2018-11-04,,true
975,REQ-0975,3,5,Salaried,Regular,English,2018-09-13,,true
976,REQ-0976,2,4,Salaried,Regular,English,2025-01-16,,true
977,REQ-0977,2,1,Salaried,Regular,Spanish,2022-01-20,,true
978,REQ-0978,2,2,Salaried,Regular,Spanish,2014-10-30,,true
979,REQ-0979,1,3,Salaried,Regular,Spanish,2020-01-07,,true
980,REQ-0980,1,1,Hourly,Regular,Spanish,2022-11-22,,true
981,REQ-0981,1,1,Salaried,Regular,English,2024-03-26,,true
982,REQ-0982,1,1,Salaried,Regular,Spanish,2017-08-06,,true
983,REQ-0983,1,1,Hourly,Regular,Spanish,2016-04-05,,true
984,REQ-0984,1,4,Salaried,Temporary,English,2014-09-08,,true
985,REQ-0985,1,1,Hourly,Regular,Spanish,2017-02-26,,true
986,REQ-0986,1,2,Hourly,Regular,Spanish,2016-07-02,,true
987,REQ-0987,3,6,Salaried,Regular,Spanish,2023-02-02,,true
988,REQ-0988,1,1,Hourly,Regular,English,2021-05-27,,true
989,REQ-0989,3,1,Salaried,Regular,Spanish,2016-11-30,,true
990,REQ-0990,2,7,Salaried,Regular,Spanish,2022-10-26,,true
991,REQ-0991,3,3,Salaried,Temporary,Spanish,2021-05-31,,true
992,REQ-0992,1,1,Hourly,Regular,Spanish,2014-09-21,,true
993,REQ-0993,1,1,Hourly,Regular,English,2023-01-15,,true
994,REQ-0994,2,3,Salaried,Regular,English,2024-01-29,,true
995,REQ-0995,1,4,Hourly,Regular,Spanish,2025-04-06,,true
996,REQ-0996,2,3,Salaried,Regular,Spanish,2024-02-26,,true
997,REQ-0997,2,1,Salaried,Temporary,Spanish,2021-01-12,2025-03-27,false
998,REQ-0998,1,2,Hourly,Temporary,Spanish,2022-03-10,2025-01-14,false
999,REQ-0999,1,4,Salaried,Regular,Spanish,2020-05-01,,true
1000,REQ-1000,3,5,Salaried,Regular,Spanish,2019-01-06,,true
1001,REQ-1001,1,1,Hourly,Regular,Spanish,2018-10-18,,true
1002,REQ-1002,1,4,Hourly,Regular,English,2020-12-11,,true
1003,REQ-1003,1,1,Salaried,Regular,English,2016-09-04,,true
1004,REQ-1004,1,1,Hourly,Regular,Spanish,2017-03-19,,true
1005,REQ-1005,3,5,Salaried,Regular,English,2025-12-19,,true
1006,REQ-1006,1,4,Hourly,Regular,Spanish,2024-09-06,,true
1007,REQ-1007,2,4,Salaried,Temporary,Spanish,2014-11-26,,true
1008,REQ-1008,2,5,Salaried,Regular,Spanish,2026-03-27,2026-06-24,false
1009,REQ-1009,1,1,Salaried,Intern,Spanish,2022-10-18,,true
1010,REQ-1010,1,1,Salaried,Regular,Spanish,2019-04-13,,true
1011,REQ-1011,1,1,Salaried,Regular,English,2026-05-12,,true
1012,REQ-1012,2,4,Salaried,Regular,Spanish,2023-04-19,,true
1013,REQ-1013,1,1,Hourly,Intern,Spanish,2014-08-16,,true
1014,REQ-1014,3,5,Salaried,Regular,Spanish,2016-05-09,,true
1015,REQ-1015,3,5,Salaried,Temporary,Spanish,2018-03-09,,true
1016,REQ-1016,2,3,Salaried,Regular,Spanish,2015-10-19,,true
1017,REQ-1017,1,2,Hourly,Regular,Spanish,2020-10-28,,true
1018,REQ-1018,1,1,Salaried,Regular,Spanish,2020-02-01,,true
1019,REQ-1019,2,4,Salaried,Regular,Spanish,2018-02-11,,true
1020,REQ-1020,1,2,Hourly,Regular,Spanish,2021-07-27,,true
1021,REQ-1021,3,5,Salaried,Regular,Spanish,2019-08-06,,true
1022,REQ-1022,3,7,Salaried,Regular,Spanish,2024-02-09,,true
1023,REQ-1023,3,1,Salaried,Temporary,Spanish,2019-07-02,,true
1024,REQ-1024,1,7,Salaried,Temporary,Spanish,2025-10-14,,true
1025,REQ-1025,2,3,Salaried,Regular,Spanish,2024-04-29,,true
1026,REQ-1026,3,2,Salaried,Regular,English,2020-09-02,,true
1027,REQ-1027,2,2,Salaried,Intern,Spanish,2016-11-09,2025-03-13,false
1028,REQ-1028,1,1,Hourly,Regular,Spanish,2022-05-27,,true
1029,REQ-1029,1,1,Hourly,Regular,Spanish,2018-03-25,,true
1030,REQ-1030,1,1,Salaried,Regular,Spanish,2014-08-15,,true
1031,REQ-1031,2,2,Salaried,Intern,Spanish,2019-03-30,,true
1032,REQ-1032,3,2,Salaried,Regular,English,2020-09-19,2025-10-24,false
1033,REQ-1033,3,4,Salaried,Temporary,Spanish,2020-09-03,,true
1034,REQ-1034,2,5,Salaried,Regular,Spanish,2018-07-09,,true
1035,REQ-1035,1,1,Hourly,Regular,Spanish,2024-11-24,,true
1036,REQ-1036,1,3,Hourly,Temporary,English,2021-10-08,2025-09-02,false
1037,REQ-1037,1,1,Hourly,Regular,Spanish,2018-10-07,,true
1038,REQ-1038,2,1,Salaried,Regular,Spanish,2026-05-04,,true
1039,REQ-1039,1,1,Salaried,Regular,Spanish,2023-10-28,,true
1040,REQ-1040,3,7,Salaried,Regular,Spanish,2023-11-22,,true
1041,REQ-1041,1,1,Salaried,Regular,Spanish,2023-12-26,,true
1042,REQ-1042,3,3,Salaried,Temporary,Spanish,2016-09-16,,true
1043,REQ-1043,2,4,Salaried,Regular,Spanish,2014-09-28,,true
1044,REQ-1044,3,5,Salaried,Regular,Spanish,2019-04-27,,true
1045,REQ-1045,1,1,Hourly,Regular,Spanish,2024-08-09,,true
1046,REQ-1046,1,1,Salaried,Regular,Spanish,2014-02-17,,true
1047,REQ-1047,2,3,Salaried,Regular,Spanish,2016-02-10,,true
1048,REQ-1048,3,2,Salaried,Regular,Spanish,2015-12-18,,true
1049,REQ-1049,1,2,Hourly,Temporary,Spanish,2025-08-02,,true
1050,REQ-1050,1,3,Hourly,Regular,Spanish,2017-06-02,,true
1051,REQ-1051,3,5,Salaried,Regular,Spanish,2025-09-14,,true
1052,REQ-1052,1,7,Salaried,Regular,Spanish,2015-05-08,,true
1053,REQ-1053,2,2,Salaried,Regular,Spanish,2014-12-10,,true
1054,REQ-1054,1,4,Hourly,Regular,English,2014-12-27,,true
1055,REQ-1055,2,4,Salaried,Regular,Spanish,2021-01-13,,true
1056,REQ-1056,2,7,Salaried,Regular,Spanish,2019-11-04,,true
1057,REQ-1057,1,5,Hourly,Temporary,Spanish,2015-08-25,,true
1058,REQ-1058,3,7,Salaried,Regular,English,2017-01-29,,true
1059,REQ-1059,2,4,Salaried,Regular,Spanish,2025-02-04,,true
1060,REQ-1060,1,1,Salaried,Intern,Spanish,2019-02-07,,true
1061,REQ-1061,2,3,Salaried,Regular,Spanish,2017-08-31,,true
1062,REQ-1062,1,1,Hourly,Regular,English,2015-08-28,2025-08-28,false
1063,REQ-1063,2,4,Salaried,Regular,English,2015-02-15,,true
1064,REQ-1064,2,3,Salaried,Regular,Spanish,2023-07-11,2025-12-09,false
1065,REQ-1065,2,3,Salaried,Regular,Spanish,2024-06-18,,true
1066,REQ-1066,3,5,Salaried,Regular,Spanish,2017-06-28,,true
1067,REQ-1067,3,3,Salaried,Regular,Spanish,2024-07-18,,true
1068,REQ-1068,1,4,Hourly,Regular,Spanish,2018-12-08,,true
1069,REQ-1069,3,7,Salaried,Regular,Spanish,2021-05-25,,true
1070,REQ-1070,2,3,Salaried,Regular,English,2026-04-20,,true
1071,REQ-1071,2,4,Salaried,Regular,Spanish,2025-06-22,,true
1072,REQ-1072,1,1,Salaried,Regular,Spanish,2025-07-30,,true
1073,REQ-1073,1,5,Salaried,Regular,Spanish,2018-12-16,,true
1074,REQ-1074,1,3,Hourly,Regular,Spanish,2022-03-17,,true
1075,REQ-1075,1,1,Hourly,Regular,Spanish,2020-11-02,,true
1076,REQ-1076,1,4,Hourly,Regular,Spanish,2016-07-28,,true
1077,REQ-1077,1,1,Hourly,Regular,Spanish,2014-07-03,,true
1078,REQ-1078,2,6,Salaried,Regular,Spanish,2024-07-28,,true
1079,REQ-1079,1,3,Hourly,Regular,Spanish,2021-01-15,,true
1080,REQ-1080,1,2,Salaried,Regular,Spanish,2017-07-26,,true
1081,REQ-1081,1,2,Hourly,Regular,Spanish,2019-02-21,2026-04-12,false
1082,REQ-1082,3,5,Salaried,Regular,Spanish,2022-12-15,,true
1083,REQ-1083,1,1,Hourly,Regular,Spanish,2018-11-30,,true
1084,REQ-1084,2,1,Salaried,Regular,English,2016-07-01,,true
1085,REQ-1085,1,1,Hourly,Regular,Spanish,2025-10-07,,true
1086,REQ-1086,3,7,Salaried,Temporary,Spanish,2015-11-18,,true
1087,REQ-1087,1,1,Hourly,Regular,Spanish,2025-10-21,,true
1088,REQ-1088,3,6,Salaried,Temporary,English,2020-09-23,,true
1089,REQ-1089,3,7,Salaried,Regular,Spanish,2021-05-24,,true
1090,REQ-1090,3,3,Salaried,Temporary,Spanish,2025-05-03,,true
1091,REQ-1091,2,6,Salaried,Regular,Spanish,2022-02-06,,true
1092,REQ-1092,2,1,Salaried,Regular,Spanish,2016-10-20,,true
1093,REQ-1093,1,2,Salaried,Intern,Spanish,2021-12-16,,true
1094,REQ-1094,3,2,Salaried,Regular,English,2023-09-15,,true
1095,REQ-1095,1,1,Salaried,Regular,Spanish,2014-09-05,,true
1096,REQ-1096,1,1,Salaried,Regular,Spanish,2022-04-22,,true
1097,REQ-1097,1,7,Hourly,Regular,English,2026-04-14,2026-06-30,false
1098,REQ-1098,1,2,Hourly,Regular,Spanish,2025-02-27,,true
1099,REQ-1099,1,1,Hourly,Regular,Spanish,2017-03-06,,true
1100,REQ-1100,1,1,Hourly,Regular,English,2024-02-20,,true
1101,REQ-1101,1,1,Hourly,Regular,Spanish,2024-06-09,2026-04-19,false
1102,REQ-1102,1,1,Hourly,Temporary,Spanish,2024-09-29,2025-11-02,false
1103,REQ-1103,3,5,Salaried,Regular,English,2025-07-13,,true
1104,REQ-1104,1,1,Hourly,Temporary,Spanish,2025-10-19,2026-04-20,false
1105,REQ-1105,3,4,Salaried,Regular,English,2018-06-25,,true
1106,REQ-1106,3,7,Salaried,Regular,Spanish,2015-11-24,,true
1107,REQ-1107,3,2,Salaried,Regular,Spanish,2016-06-21,,true
1108,REQ-1108,3,5,Salaried,Regular,Spanish,2014-06-04,,true
1109,REQ-1109,1,4,Hourly,Regular,Spanish,2018-09-29,,true
1110,REQ-1110,1,1,Hourly,Regular,Spanish,2018-02-06,,true
1111,REQ-1111,2,4,Salaried,Regular,Spanish,2020-08-04,,true
1112,REQ-1112,1,1,Salaried,Regular,English,2018-07-12,,true
1113,REQ-1113,1,4,Hourly,Regular,Spanish,2017-06-26,,true
1114,REQ-1114,1,1,Salaried,Regular,Spanish,2020-02-09,,true
1115,REQ-1115,1,4,Hourly,Intern,Spanish,2022-01-20,,true
1116,REQ-1116,1,4,Hourly,Regular,Spanish,2014-09-04,,true
1117,REQ-1117,1,1,Salaried,Regular,Spanish,2020-09-07,,true
1118,REQ-1118,3,3,Salaried,Regular,Spanish,2020-05-16,,true
1119,REQ-1119,1,1,Hourly,Regular,Spanish,2020-03-09,,true
1120,REQ-1120,1,1,Hourly,Regular,Spanish,2024-12-14,,true
1121,REQ-1121,3,7,Salaried,Regular,Spanish,2024-09-04,,true
1122,REQ-1122,2,2,Salaried,Regular,English,2016-10-09,2025-04-25,false
1123,REQ-1123,1,4,Hourly,Regular,Spanish,2024-11-18,,true
1124,REQ-1124,1,1,Hourly,Regular,Spanish,2025-12-19,,true
1125,REQ-1125,2,3,Salaried,Regular,Spanish,2025-06-05,2026-03-17,false
1126,REQ-1126,2,1,Salaried,Regular,Spanish,2022-10-11,,true
1127,REQ-1127,3,6,Salaried,Temporary,English,2015-09-10,,true
1128,REQ-1128,2,3,Salaried,Regular,Spanish,2018-06-19,,true
1129,REQ-1129,2,2,Salaried,Regular,Spanish,2018-07-25,2025-11-02,false
1130,REQ-1130,2,3,Salaried,Regular,Spanish,2015-09-09,,true
1131,REQ-1131,2,5,Salaried,Regular,Spanish,2016-11-19,,true
1132,REQ-1132,3,7,Salaried,Temporary,Spanish,2016-03-12,,true
1133,REQ-1133,1,1,Hourly,Regular,Spanish,2021-01-08,,true
1134,REQ-1134,3,3,Salaried,Regular,English,2014-06-12,,true
1135,REQ-1135,3,6,Salaried,Intern,English,2025-01-05,,true
1136,REQ-1136,3,7,Salaried,Regular,Spanish,2021-09-23,,true
1137,REQ-1137,1,1,Hourly,Regular,Spanish,2019-01-01,,true
1138,REQ-1138,2,4,Salaried,Regular,Spanish,2014-06-22,2025-11-27,false
1139,REQ-1139,1,1,Hourly,Regular,Spanish,2015-12-30,,true
1140,REQ-1140,3,7,Salaried,Temporary,Spanish,2018-11-04,,true
1141,REQ-1141,3,5,Salaried,Intern,Spanish,2020-08-31,2025-03-14,false
1142,REQ-1142,1,1,Hourly,Regular,Spanish,2020-03-14,2025-02-11,false
1143,REQ-1143,3,5,Salaried,Regular,Spanish,2016-10-28,,true
1144,REQ-1144,1,3,Hourly,Temporary,English,2016-02-10,2025-09-02,false
1145,REQ-1145,2,3,Salaried,Regular,English,2019-06-27,,true
1146,REQ-1146,1,2,Salaried,Regular,Spanish,2024-04-07,,true
1147,REQ-1147,3,7,Salaried,Regular,Spanish,2019-10-01,,true
1148,REQ-1148,1,1,Hourly,Regular,Spanish,2022-12-28,,true
1149,REQ-1149,2,4,Salaried,Regular,Spanish,2018-09-22,,true
1150,REQ-1150,2,1,Salaried,Regular,Spanish,2018-07-22,2026-03-13,false
1151,REQ-1151,1,1,Hourly,Regular,Spanish,2015-03-24,,true
1152,REQ-1152,3,2,Salaried,Regular,Spanish,2016-08-11,,true
1153,REQ-1153,3,7,Salaried,Regular,Spanish,2024-05-21,,true
1154,REQ-1154,1,1,Hourly,Regular,Spanish,2023-09-10,,true
1155,REQ-1155,1,1,Hourly,Regular,Spanish,2017-05-09,2025-12-06,false
1156,REQ-1156,3,2,Salaried,Regular,Spanish,2023-01-01,,true
1157,REQ-1157,2,4,Salaried,Regular,Spanish,2026-03-01,,true
1158,REQ-1158,1,1,Hourly,Regular,Spanish,2014-09-18,,true
1159,REQ-1159,3,5,Salaried,Regular,Spanish,2017-11-10,,true
1160,REQ-1160,2,7,Salaried,Regular,Spanish,2016-11-27,,true
1161,REQ-1161,1,1,Hourly,Regular,English,2017-01-19,,true
1162,REQ-1162,1,1,Hourly,Regular,English,2017-07-27,,true
1163,REQ-1163,1,2,Hourly,Regular,English,2021-07-08,,true
1164,REQ-1164,1,1,Hourly,Temporary,Spanish,2021-09-15,,true
1165,REQ-1165,1,4,Hourly,Regular,Spanish,2020-11-22,,true
1166,REQ-1166,1,2,Hourly,Temporary,Spanish,2024-04-22,,true
1167,REQ-1167,1,3,Hourly,Regular,Spanish,2020-10-01,,true
1168,REQ-1168,2,4,Salaried,Regular,Spanish,2021-03-14,,true
1169,REQ-1169,2,7,Salaried,Regular,Spanish,2021-06-26,,true
1170,REQ-1170,1,1,Salaried,Regular,Spanish,2017-01-16,,true
1171,REQ-1171,1,3,Hourly,Regular,Spanish,2014-03-22,2025-02-22,false
1172,REQ-1172,2,7,Salaried,Temporary,Spanish,2017-02-11,,true
1173,REQ-1173,1,1,Hourly,Regular,English,2025-08-04,2025-11-12,false
1174,REQ-1174,2,3,Salaried,Regular,Spanish,2025-07-07,,true
1175,REQ-1175,1,1,Salaried,Regular,Spanish,2017-08-17,,true
1176,REQ-1176,1,1,Hourly,Temporary,English,2021-11-17,,true
1177,REQ-1177,2,6,Salaried,Regular,Spanish,2022-11-06,,true
1178,REQ-1178,1,2,Hourly,Regular,Spanish,2020-05-14,,true
1179,REQ-1179,3,2,Salaried,Regular,Spanish,2023-10-09,,true
1180,REQ-1180,1,1,Hourly,Regular,English,2021-04-01,,true
1181,REQ-1181,1,1,Hourly,Regular,Spanish,2022-02-10,,true
1182,REQ-1182,1,2,Hourly,Temporary,Spanish,2023-07-23,,true
1183,REQ-1183,2,4,Salaried,Regular,Spanish,2026-05-02,,true
1184,REQ-1184,1,2,Salaried,Regular,Spanish,2015-10-12,,true
1185,REQ-1185,1,1,Salaried,Regular,Spanish,2015-02-04,,true
1186,REQ-1186,2,4,Salaried,Regular,Spanish,2025-08-14,,true
1187,REQ-1187,1,2,Salaried,Regular,Spanish,2024-04-01,,true
1188,REQ-1188,1,1,Hourly,Temporary,Spanish,2019-06-29,2026-06-29,false
1189,REQ-1189,1,1,Hourly,Regular,Spanish,2018-07-14,,true
1190,REQ-1190,1,1,Hourly,Regular,Spanish,2017-11-10,,true
1191,REQ-1191,2,3,Salaried,Regular,Spanish,2020-01-01,,true
1192,REQ-1192,2,6,Salaried,Temporary,English,2016-09-04,,true
1193,REQ-1193,2,7,Salaried,Regular,Spanish,2016-01-03,2026-05-14,false
1194,REQ-1194,3,3,Salaried,Regular,Spanish,2014-09-10,,true
1195,REQ-1195,3,3,Salaried,Regular,Spanish,2023-08-01,,true
1196,REQ-1196,3,2,Salaried,Regular,Spanish,2020-01-28,,true
1197,REQ-1197,1,2,Hourly,Regular,English,2022-04-21,,true
1198,REQ-1198,3,7,Salaried,Regular,Spanish,2014-02-07,,true
1199,REQ-1199,1,1,Salaried,Regular,English,2018-09-17,,true
1200,REQ-1200,3,6,Salaried,Regular,Spanish,2019-05-26,,true
