WeekStartDateKey,TeamKey,LocationKey,PlannedFTE,ScheduledHours,AbsenceHours,TrainingHours,OtherUnavailableHours,AvailableHours,CapacityReductionEventFlag
20241230,1,1,2,80,11.31,7.48,2.44,58.77,false
20241230,1,2,2,80,4.83,3.07,2.16,69.94,false
20241230,1,3,2,80,3.82,1.83,0.73,73.62,false
20241230,2,1,2,80,4.04,2.51,1.38,72.07,false
20241230,2,2,2,80,5.49,2.94,1.11,70.46,false
20241230,2,3,2,80,1.8,2.67,1.94,73.59,false
20241230,3,1,2,80,7.78,4.09,3.72,64.41,false
20241230,3,2,2,80,10.83,2.89,1.75,64.53,false
20241230,3,3,2,80,4.9,1.06,0.97,73.07,false
20250106,1,1,2,80,9.92,2.34,2,65.74,false
20250106,1,2,2,80,5.31,4.11,0.86,69.72,false
20250106,1,3,2,80,6.03,3.5,2.36,68.11,false
20250106,2,1,2,80,6.58,2.66,1.47,69.29,false
20250106,2,2,2,80,9.75,5.28,1.21,63.76,false
20250106,2,3,2,80,8.64,2.43,1.55,67.38,false
20250106,3,1,2,80,2.31,3.68,1.96,72.05,false
20250106,3,2,2,80,2.62,3.63,1.81,71.94,false
20250106,3,3,2,80,3.74,1.47,3.85,70.94,false
20250113,1,1,2,80,1.65,2.74,2.34,73.27,false
20250113,1,2,2,80,5.14,2.82,0.84,71.2,false
20250113,1,3,2,80,3.93,3.52,2.99,69.56,false
20250113,2,1,2,80,2.6,2.12,0.74,74.54,false
20250113,2,2,2,80,3.83,1.89,2.2,72.08,false
20250113,2,3,2,80,7.59,1.9,2.6,67.91,false
20250113,3,1,2,80,1.59,1.11,1.84,75.46,false
20250113,3,2,2,80,4.43,2.92,2.36,70.29,false
20250113,3,3,2,80,2.53,5.18,0.44,71.85,false
20250120,1,1,2,80,6.28,2.5,3.26,67.96,false
20250120,1,2,2,80,2.46,3.02,1.63,72.89,false
20250120,1,3,2,80,1.11,3.15,2.12,73.62,false
20250120,2,1,2,80,7.56,5.69,0.46,66.29,false
20250120,2,2,2,80,8.18,2.66,1.17,67.99,false
20250120,2,3,2,80,6.21,1.4,3.91,68.48,false
20250120,3,1,2,80,3.18,3.04,1.11,72.67,false
20250120,3,2,2,80,11.48,4.69,1.46,62.37,false
20250120,3,3,2,80,1.08,4.43,3.75,70.74,false
20250127,1,1,2,80,2.37,3.29,1.97,72.37,false
20250127,1,2,2,80,5.57,3.48,1.69,69.26,false
20250127,1,3,2,80,1.98,5.52,2.95,69.55,false
20250127,2,1,2,80,7.96,3.72,2.15,66.17,false
20250127,2,2,2,80,3.63,3.51,0.66,72.2,false
20250127,2,3,2,80,5.05,1.64,3.35,69.96,false
20250127,3,1,2,80,7.48,2.77,2.32,67.43,false
20250127,3,2,2,80,2.21,4.62,1.64,71.53,false
20250127,3,3,2,80,2.92,2.75,4.14,70.19,false
20250203,1,1,2,80,8.98,6.67,0.38,63.97,false
20250203,1,2,2,80,5.89,1.86,1.96,70.29,false
20250203,1,3,2,80,8.42,3.68,1.11,66.79,false
20250203,2,1,2,80,11.35,1.35,0.84,66.46,false
20250203,2,2,2,80,8.28,3.54,1.73,66.45,false
20250203,2,3,2,80,1.96,3,1.98,73.06,false
20250203,3,1,2,80,2.67,3.39,3.15,70.79,false
20250203,3,2,2,80,0.79,1.27,1.35,76.59,false
20250203,3,3,2,80,6.5,1.42,3.07,69.01,false
20250210,1,1,2,80,2.31,3.43,2.65,71.61,false
20250210,1,2,2,80,2.98,5.75,1.29,69.98,false
20250210,1,3,2,80,5.29,6.39,1.33,66.99,false
20250210,2,1,2,80,3.94,4.78,1.14,70.14,false
20250210,2,2,2,80,4.33,1.89,1.01,72.77,false
20250210,2,3,2,80,3.55,0.5,1.78,74.17,false
20250210,3,1,2,80,6.01,2.5,2.89,68.6,false
20250210,3,2,2,80,4.86,1.94,0.84,72.36,false
20250210,3,3,2,80,4.92,5.49,3.32,66.27,false
20250217,1,1,2,80,10.08,0.65,3.55,65.72,false
20250217,1,2,2,80,10.19,3.81,3.06,62.94,false
20250217,1,3,2,80,4.08,5.16,1.78,68.98,false
20250217,2,1,2,80,2.62,5.47,4.32,67.59,false
20250217,2,2,2,80,10.33,4.91,3.21,61.55,false
20250217,2,3,2,80,7.19,2.09,1.84,68.88,false
20250217,3,1,2,80,0.97,1.72,2.66,74.65,false
20250217,3,2,2,80,2.45,2.32,3.59,71.64,false
20250217,3,3,2,80,2.48,1.54,2.33,73.65,false
20250224,1,1,2,80,10.62,5.04,2.29,62.05,false
20250224,1,2,2,80,12.42,2.94,1.08,63.56,false
20250224,1,3,2,80,2.92,6.18,3.58,67.32,false
20250224,2,1,2,80,5.94,0.96,2.6,70.5,false
20250224,2,2,2,80,5.83,4.07,2.96,67.14,false
20250224,2,3,2,80,7.62,1.18,1.8,69.4,false
20250224,3,1,2,80,2.63,1.06,2.68,73.63,false
20250224,3,2,2,80,5.82,5.34,2.14,66.7,false
20250224,3,3,2,80,4.34,4.91,1.02,69.73,false
20250303,1,1,2,80,5.83,3.84,1.43,68.9,false
20250303,1,2,2,80,2.9,7.28,2.14,67.68,false
20250303,1,3,2,80,2.99,5.74,4.41,66.86,false
20250303,2,1,2,80,0.16,2.74,1.3,75.8,false
20250303,2,2,2,80,4.98,2.42,1.23,71.37,false
20250303,2,3,2,80,2.6,3.23,3.1,71.07,false
20250303,3,1,2,80,3.68,1.99,1.15,73.18,false
20250303,3,2,2,80,4.77,1.71,2.09,71.43,false
20250303,3,3,2,80,2.38,3.19,3.73,70.7,false
20250310,1,1,2,80,1.59,1.99,3.28,73.14,false
20250310,1,2,2,80,5.83,3.32,0.67,70.18,false
20250310,1,3,2,80,2.36,2.8,2.05,72.79,false
20250310,2,1,2,80,7.78,2.42,2.2,67.6,false
20250310,2,2,2,80,10.33,5.03,1.05,63.59,false
20250310,2,3,2,80,6.18,1.59,2.37,69.86,false
20250310,3,1,2,80,10.06,5.57,0.82,63.55,false
20250310,3,2,2,80,4.16,2.68,3.66,69.5,false
20250310,3,3,2,80,2.74,3.56,2.36,71.34,false
20250317,1,1,2,80,2.28,3.06,0.4,74.26,false
20250317,1,2,2,80,4.25,3.26,1.3,71.19,false
20250317,1,3,2,80,7.62,5.68,2.02,64.68,false
20250317,2,1,2,80,3.2,7.59,1.67,67.54,false
20250317,2,2,2,80,3.97,1.13,1.9,73,false
20250317,2,3,2,80,3.82,3.93,0.63,71.62,false
20250317,3,1,2,80,3.94,2.43,1.28,72.35,false
20250317,3,2,2,80,8.68,6.1,0.52,64.7,false
20250317,3,3,2,80,4.27,2.9,0.39,72.44,false
20250324,1,1,2,80,4.36,4.76,2.71,68.17,false
20250324,1,2,2,80,4.27,2.06,1.2,72.47,false
20250324,1,3,2,80,5.84,2.73,0.69,70.74,false
20250324,2,1,2,80,10.98,4.33,0.59,64.1,false
20250324,2,2,2,80,6.4,4.86,1.49,67.25,false
20250324,2,3,2,80,8.77,2.32,2.51,66.4,false
20250324,3,1,2,80,7.32,7.3,1.31,64.07,false
20250324,3,2,2,80,4.63,7.77,2.35,65.25,false
20250324,3,3,2,80,0.56,2.88,2.54,74.02,false
20250331,1,1,2,80,4.42,4.27,0.54,70.77,false
20250331,1,2,2,80,6.73,3.01,2.1,68.16,false
20250331,1,3,2,80,10.21,2.72,1.06,66.01,false
20250331,2,1,2,80,5.58,3.36,0.68,70.38,false
20250331,2,2,2,80,5.25,2.62,1.35,70.78,false
20250331,2,3,2,80,9.95,2.46,3.48,64.11,false
20250331,3,1,2,80,8.81,1.91,1.73,67.55,false
20250331,3,2,2,80,1.43,2.2,1.71,74.66,false
20250331,3,3,2,80,2.33,3.19,0.91,73.57,false
20250407,1,1,2,80,3.82,2.21,0.8,73.17,false
20250407,1,2,2,80,7.42,2.05,2.82,67.71,false
20250407,1,3,2,80,3.46,4.92,1.12,70.5,false
20250407,2,1,2,80,2.28,1.62,0.8,75.3,false
20250407,2,2,2,80,2.82,4.2,0.28,72.7,false
20250407,2,3,2,80,7.09,2.58,4.07,66.26,false
20250407,3,1,2,80,3.59,2.54,1.34,72.53,false
20250407,3,2,2,80,6.22,1.97,1.57,70.24,false
20250407,3,3,2,80,5.24,3.87,3.63,67.26,false
20250414,1,1,2,80,7.76,5.2,1.8,65.24,false
20250414,1,2,2,80,6.09,2.54,1.76,69.61,false
20250414,1,3,2,80,7.37,5.88,0.92,65.83,false
20250414,2,1,2,80,5.61,2.54,1.82,70.03,false
20250414,2,2,2,80,1.22,1.61,1.81,75.36,false
20250414,2,3,2,80,3.33,3.11,3.09,70.47,false
20250414,3,1,2,80,9.43,4.41,2.37,63.79,false
20250414,3,2,2,80,3.77,5.78,0.65,69.8,false
20250414,3,3,2,80,4.49,5.31,1.03,69.17,false
20250421,1,1,2,80,4.28,1.03,2.66,72.03,false
20250421,1,2,2,80,12.45,6.23,3.3,58.02,false
20250421,1,3,2,80,3.39,0.5,2.15,73.96,false
20250421,2,1,2,80,4.75,3.92,2.58,68.75,false
20250421,2,2,2,80,1.02,5.6,1.13,72.25,false
20250421,2,3,2,80,0.85,5.29,0.63,73.23,false
20250421,3,1,2,80,2.32,3.63,0.69,73.36,false
20250421,3,2,2,80,4.87,0.72,1.91,72.5,false
20250421,3,3,2,80,4.25,1.07,1.56,73.12,false
20250428,1,1,2,80,7.98,1.38,2.6,68.04,false
20250428,1,2,2,80,12.69,7.15,2.57,57.59,false
20250428,1,3,2,80,2.56,2.41,3.01,72.02,false
20250428,2,1,2,80,1.31,4.87,0.59,73.23,false
20250428,2,2,2,80,8.1,4.83,2.67,64.4,false
20250428,2,3,2,80,7.16,4.56,1.75,66.53,false
20250428,3,1,2,80,4.56,2.65,2.93,69.86,false
20250428,3,2,2,80,7.37,2.24,0.49,69.9,false
20250428,3,3,2,80,6.97,3.04,3.11,66.88,false
20250505,1,1,2,80,9.95,5.47,1.47,63.11,false
20250505,1,2,2,80,4.19,6.49,4.32,65,false
20250505,1,3,2,80,6.13,7.22,1.37,65.28,false
20250505,2,1,2,80,5.34,3.78,1.66,69.22,false
20250505,2,2,2,80,9.34,3.52,4.04,63.1,false
20250505,2,3,2,80,1.63,5.75,2.22,70.4,false
20250505,3,1,2,80,7.96,6.06,2.07,63.91,false
20250505,3,2,2,80,8.65,1.87,2.27,67.21,false
20250505,3,3,2,80,9.83,1.08,1.87,67.22,false
20250512,1,1,2,80,5.14,6.9,2.37,65.59,false
20250512,1,2,2,80,7.21,4.53,2.68,65.58,false
20250512,1,3,2,80,3.97,4.74,4.48,66.81,false
20250512,2,1,2,80,3.35,1.89,3.3,71.46,false
20250512,2,2,2,80,4.61,1.5,3.33,70.56,false
20250512,2,3,2,80,3.25,2.56,0.46,73.73,false
20250512,3,1,2,80,3.48,4.52,1,71,false
20250512,3,2,2,80,4.54,2.47,0.94,72.05,false
20250512,3,3,2,80,4.8,5.74,1.45,68.01,false
20250519,1,1,2,80,2.62,4.62,1.31,71.45,false
20250519,1,2,2,80,3.66,2.48,0.95,72.91,false
20250519,1,3,2,80,2.68,6.96,2.81,67.55,false
20250519,2,1,2,80,3.8,4.61,2.36,69.23,false
20250519,2,2,2,80,8.37,4.13,2.15,65.35,false
20250519,2,3,2,80,2.44,5.56,2.43,69.57,false
20250519,3,1,2,80,0.5,3.14,1.65,74.71,false
20250519,3,2,2,80,4.46,4.59,3.76,67.19,false
20250519,3,3,2,80,10.93,1.43,2,65.64,false
20250526,1,1,2,80,4.54,3.66,1.91,69.89,false
20250526,1,2,2,80,2.18,4.43,0.55,72.84,false
20250526,1,3,2,80,3.12,0.57,0.5,75.81,false
20250526,2,1,2,80,9.32,2.33,2.28,66.07,false
20250526,2,2,2,80,4.46,6.47,0.72,68.35,false
20250526,2,3,2,80,1.17,2.97,1.84,74.02,false
20250526,3,1,2,80,1.63,3.78,3.29,71.3,false
20250526,3,2,2,80,0.68,3.08,1.81,74.43,false
20250526,3,3,2,80,9.38,1.71,3.29,65.62,false
20250602,1,1,2,80,2.36,6.57,4.61,66.46,false
20250602,1,2,2,80,5.46,5.01,1.1,68.43,false
20250602,1,3,2,80,3.45,5.65,1.2,69.7,false
20250602,2,1,2,80,3.75,2.97,0.86,72.42,false
20250602,2,2,2,80,6.53,4.74,1.58,67.15,false
20250602,2,3,2,80,4.11,4.36,3.27,68.26,false
20250602,3,1,2,80,1.1,1.31,1.08,76.51,false
20250602,3,2,2,80,7.52,1.85,0.84,69.79,false
20250602,3,3,2,80,7.17,1.99,4.36,66.48,false
20250609,1,1,2,80,5.91,4.63,1.33,68.13,false
20250609,1,2,2,80,3.62,2.07,2.52,71.79,false
20250609,1,3,2,80,8.81,1.73,0.93,68.53,false
20250609,2,1,2,80,5.11,1.38,2.69,70.82,false
20250609,2,2,2,80,0.96,3.14,2.77,73.13,false
20250609,2,3,2,80,7.02,4.24,1.97,66.77,false
20250609,3,1,2,80,11.86,5.3,2.44,60.4,false
20250609,3,2,2,80,5.39,4.02,4.06,66.53,false
20250609,3,3,2,80,7.7,4.37,1.91,66.02,false
20250616,1,1,2,80,2.45,3.99,1.21,72.35,false
20250616,1,2,2,80,2.74,1.84,4.27,71.15,false
20250616,1,3,2,80,4.92,1.07,3.63,70.38,false
20250616,2,1,2,80,6.5,3.27,1.1,69.13,false
20250616,2,2,2,80,3.74,2.46,2.61,71.19,false
20250616,2,3,2,80,7.16,2.59,0.91,69.34,false
20250616,3,1,2,80,3.65,1.78,3.78,70.79,false
20250616,3,2,2,80,8.08,1.47,3.31,67.14,false
20250616,3,3,2,80,8.99,3.46,2.23,65.32,false
20250623,1,1,2,80,5.67,4.49,3.53,66.31,false
20250623,1,2,2,80,8.01,1.79,0.51,69.69,false
20250623,1,3,2,80,4.36,2.22,1.42,72,false
20250623,2,1,2,80,5.21,2.12,0.46,72.21,false
20250623,2,2,2,80,8.58,5.32,1.69,64.41,false
20250623,2,3,2,80,8.25,4.85,0.47,66.43,false
20250623,3,1,2,80,3.56,2.12,1.3,73.02,false
20250623,3,2,2,80,3.83,0.95,1.47,73.75,false
20250623,3,3,2,80,2.86,2.85,3.41,70.88,false
20250630,1,1,2,80,3.59,0.1,2.89,73.42,false
20250630,1,2,2,80,10.69,1.68,2.15,65.48,false
20250630,1,3,2,80,8.68,5.37,0.55,65.4,false
20250630,2,1,2,80,8.74,1.95,2.28,67.03,false
20250630,2,2,2,80,10.05,2.61,2.46,64.88,false
20250630,2,3,2,80,5.33,3.81,0.74,70.12,false
20250630,3,1,2,80,1.61,6.83,2.11,69.45,false
20250630,3,2,2,80,2.84,0.12,1.16,75.88,false
20250630,3,3,2,80,6.73,3.6,1.82,67.85,false
20250707,1,1,2,80,8.48,7.17,2.12,62.23,false
20250707,1,2,2,80,0.39,1.18,1.41,77.02,false
20250707,1,3,2,80,8.23,7.22,1.97,62.58,false
20250707,2,1,2,80,5.52,1.39,2.33,70.76,false
20250707,2,2,2,80,6.03,1.42,0.84,71.71,false
20250707,2,3,2,80,4.49,1.08,1.37,73.06,false
20250707,3,1,2,80,3.23,0.94,0.73,75.1,false
20250707,3,2,2,80,5.68,5.23,2.65,66.44,false
20250707,3,3,2,80,10.99,2.24,1.2,65.57,false
20250714,1,1,2,80,6.7,4.37,0.72,68.21,false
20250714,1,2,2,80,5.28,0.61,2.32,71.79,false
20250714,1,3,2,80,3.65,2.61,1.31,72.43,false
20250714,2,1,2,80,7.68,2.46,1.18,68.68,false
20250714,2,2,2,80,3.12,4.42,3.43,69.03,false
20250714,2,3,2,80,7.96,1.27,2.51,68.26,false
20250714,3,1,2,80,4.99,4.48,2.77,67.76,false
20250714,3,2,2,80,5.17,2.91,0.72,71.2,false
20250714,3,3,2,80,1.82,3.13,3.18,71.87,false
20250721,1,1,2,80,4.25,4.01,2.61,69.13,false
20250721,1,2,2,80,0.95,4.87,1.52,72.66,false
20250721,1,3,2,80,1.67,3.54,2.08,72.71,false
20250721,2,1,2,80,4.78,3.53,1.73,69.96,false
20250721,2,2,2,80,5.55,4.01,1.28,69.16,false
20250721,2,3,2,80,4.1,2.83,1.66,71.41,false
20250721,3,1,2,80,3.34,7.05,1.29,68.32,false
20250721,3,2,2,80,9.65,6.72,2.02,61.61,false
20250721,3,3,2,80,3.42,1.2,0.59,74.79,false
20250728,1,1,2,80,4.16,5.27,0.6,69.97,false
20250728,1,2,2,80,4.02,0.85,2.14,72.99,false
20250728,1,3,2,80,4.82,4.84,1.75,68.59,false
20250728,2,1,2,80,2.59,2.35,0.6,74.46,false
20250728,2,2,2,80,4.11,2.14,4.95,68.8,false
20250728,2,3,2,80,2.99,4.66,1.49,70.86,false
20250728,3,1,2,80,4.96,1.32,4.28,69.44,false
20250728,3,2,2,80,9.08,6.22,0.91,63.79,false
20250728,3,3,2,80,3.21,4.27,0.38,72.14,false
20250804,1,1,2,80,5.18,6.68,3.52,64.62,false
20250804,1,2,2,80,6.89,2.57,0.92,69.62,false
20250804,1,3,2,80,3.65,3.6,4.05,68.7,false
20250804,2,1,2,80,3.64,3.37,2.16,70.83,false
20250804,2,2,2,80,4.24,3.97,2.23,69.56,false
20250804,2,3,2,80,6.05,2.4,0.3,71.25,false
20250804,3,1,2,80,3.25,2.84,0.41,73.5,false
20250804,3,2,2,80,5.91,3.9,2.75,67.44,false
20250804,3,3,2,80,9.13,2.08,3.59,65.2,false
20250811,1,1,2,80,3.68,1.88,1.24,73.2,false
20250811,1,2,2,80,9.96,0.4,0.92,68.72,false
20250811,1,3,2,80,9.58,4.22,3.67,62.53,false
20250811,2,1,2,80,3.58,2.37,2.34,71.71,false
20250811,2,2,2,80,1.17,3.58,3.8,71.45,false
20250811,2,3,2,80,11.22,1.62,3.24,63.92,false
20250811,3,1,2,80,1.33,5.81,2.24,70.62,false
20250811,3,2,2,80,4.7,3.01,3.03,69.26,false
20250811,3,3,2,80,8.7,4.06,2.39,64.85,false
20250818,1,1,2,80,6.78,4.16,3.21,65.85,false
20250818,1,2,2,80,4.37,2.57,0.73,72.33,false
20250818,1,3,2,80,8.37,2.8,2.02,66.81,false
20250818,2,1,2,80,1.44,3.42,3.85,71.29,false
20250818,2,2,2,80,1.39,1.46,1.28,75.87,false
20250818,2,3,2,80,9.39,1.65,3.15,65.81,false
20250818,3,1,2,80,4.17,1.53,0.61,73.69,false
20250818,3,2,2,80,2.51,4.64,3.3,69.55,false
20250818,3,3,2,80,1.23,4.06,3.29,71.42,false
20250825,1,1,2,80,6.51,3.74,4.2,65.55,false
20250825,1,2,2,80,7.84,1.88,2.21,68.07,false
20250825,1,3,2,80,3.74,1.54,3.09,71.63,false
20250825,2,1,2,80,4.3,3.44,1.78,70.48,false
20250825,2,2,2,80,3.42,1,4.35,71.23,false
20250825,2,3,2,80,3,3.39,2.45,71.16,false
20250825,3,1,2,80,2.69,2.22,3.35,71.74,false
20250825,3,2,2,80,6.23,5.93,1.37,66.47,false
20250825,3,3,2,80,2.25,2.55,1.28,73.92,false
20250901,1,1,2,80,4.7,2.56,0.95,71.79,false
20250901,1,2,2,80,1.57,4.16,0.22,74.05,false
20250901,1,3,2,80,4.17,4.59,0.76,70.48,false
20250901,2,1,2,80,3.02,3.72,2.62,70.64,false
20250901,2,2,2,80,3.77,1.99,1.82,72.42,false
20250901,2,3,2,80,6.87,2.09,1.11,69.93,false
20250901,3,1,2,80,5.5,3.91,0.64,69.95,false
20250901,3,2,2,80,3.94,2.77,2.29,71,false
20250901,3,3,2,80,6.73,7.55,0.44,65.28,false
20250908,1,1,2,80,12.85,6.74,3.12,57.29,false
20250908,1,2,2,80,7.85,3.03,0.79,68.33,false
20250908,1,3,2,80,3.71,1.61,1.56,73.12,false
20250908,2,1,2,80,3.23,2.9,1.87,72,false
20250908,2,2,2,80,1.36,4.48,4.15,70.01,false
20250908,2,3,2,80,4.22,2.91,3.7,69.17,false
20250908,3,1,2,80,1.61,5.61,17.74,55.04,true
20250908,3,2,2,80,11.59,4.3,1.16,62.95,false
20250908,3,3,2,80,6.63,3.15,0.46,69.76,false
20250915,1,1,2,80,5.08,1.94,1.3,71.68,false
20250915,1,2,2,80,7.66,2.34,1.98,68.02,false
20250915,1,3,2,80,7.64,6.44,3.61,62.31,false
20250915,2,1,2,80,6.09,3.4,2.66,67.85,false
20250915,2,2,2,80,6.18,2.43,2.06,69.33,false
20250915,2,3,2,80,0.06,6.37,0.64,72.93,false
20250915,3,1,2,80,4.59,3.71,18.05,53.65,true
20250915,3,2,2,80,2.69,3.63,2.49,71.19,false
20250915,3,3,2,80,7.15,3.81,1.11,67.93,false
20250922,1,1,2,80,2.8,1.82,1.25,74.13,false
20250922,1,2,2,80,4.49,3.07,0.67,71.77,false
20250922,1,3,2,80,7.14,2.13,4.09,66.64,false
20250922,2,1,2,80,6.11,6.71,4.1,63.08,false
20250922,2,2,2,80,2.04,1.79,3.01,73.16,false
20250922,2,3,2,80,5.93,5.37,4.46,64.24,false
20250922,3,1,2,80,4.94,2.27,17.59,55.2,true
20250922,3,2,2,80,9.69,3.59,2.23,64.49,false
20250922,3,3,2,80,4.7,4.41,1.49,69.4,false
20250929,1,1,2,80,4.96,6.61,4.07,64.36,false
20250929,1,2,2,80,5.31,0.66,1.65,72.38,false
20250929,1,3,2,80,5.92,3.87,2.28,67.93,false
20250929,2,1,2,80,4.79,1.78,2.76,70.67,false
20250929,2,2,2,80,0.4,3.78,2.61,73.21,false
20250929,2,3,2,80,4.59,2.55,1.77,71.09,false
20250929,3,1,2,80,12.62,3.05,18.02,46.31,true
20250929,3,2,2,80,2.78,0.29,1.02,75.91,false
20250929,3,3,2,80,3.85,2.35,0.73,73.07,false
20251006,1,1,2,80,4.97,4.81,4.19,66.03,false
20251006,1,2,2,80,2.28,2.14,2.21,73.37,false
20251006,1,3,2,80,8.95,0.88,2.68,67.49,false
20251006,2,1,2,80,5.11,5.98,1.29,67.62,false
20251006,2,2,2,80,5.74,5.77,4.07,64.42,false
20251006,2,3,2,80,1.18,1.27,2.95,74.6,false
20251006,3,1,2,80,10.13,2.11,20.45,47.31,true
20251006,3,2,2,80,6.88,2.68,0.94,69.5,false
20251006,3,3,2,80,1.89,4.51,4.35,69.25,false
20251013,1,1,2,80,5.6,2.98,0.97,70.45,false
20251013,1,2,2,80,4.33,3.14,0.5,72.03,false
20251013,1,3,2,80,4.7,5.29,1.39,68.62,false
20251013,2,1,2,80,1.86,7.38,2.88,67.88,false
20251013,2,2,2,80,2.74,2.62,1.9,72.74,false
20251013,2,3,2,80,8.86,1.27,2.39,67.48,false
20251013,3,1,2,80,1.6,3.96,18.25,56.19,true
20251013,3,2,2,80,2.53,2,1.54,73.93,false
20251013,3,3,2,80,10.81,2.77,2.63,63.79,false
20251020,1,1,2,80,2.33,4.98,1.35,71.34,false
20251020,1,2,2,80,7.05,4.42,1.16,67.37,false
20251020,1,3,2,80,1.58,5.58,1.39,71.45,false
20251020,2,1,2,80,8.97,4.25,3.69,63.09,false
20251020,2,2,2,80,5.56,3.4,3.04,68,false
20251020,2,3,2,80,2.29,1.64,1.49,74.58,false
20251020,3,1,2,80,7.69,0.82,1.85,69.64,false
20251020,3,2,2,80,4.9,2.58,0.29,72.23,false
20251020,3,3,2,80,7.85,1.75,1.57,68.83,false
20251027,1,1,2,80,7.43,1.83,1.07,69.67,false
20251027,1,2,2,80,3.17,3.42,1.6,71.81,false
20251027,1,3,2,80,1.5,2.2,2.02,74.28,false
20251027,2,1,2,80,1.76,1.14,3.23,73.87,false
20251027,2,2,2,80,1.37,5.11,1.17,72.35,false
20251027,2,3,2,80,5.54,5.42,0.76,68.28,false
20251027,3,1,2,80,7.33,2.36,3.08,67.23,false
20251027,3,2,2,80,9.4,3.89,0.75,65.96,false
20251027,3,3,2,80,1.82,1.72,2.41,74.05,false
20251103,1,1,2,80,7.39,1.18,1.5,69.93,false
20251103,1,2,2,80,0.7,4.93,0.73,73.64,false
20251103,1,3,2,80,1.4,1.22,2.56,74.82,false
20251103,2,1,2,80,7.09,3.35,1.67,67.89,false
20251103,2,2,2,80,3.06,3.41,1.1,72.43,false
20251103,2,3,2,80,1.41,1.18,2.2,75.21,false
20251103,3,1,2,80,2.08,5.89,1.23,70.8,false
20251103,3,2,2,80,7.44,2.32,1.74,68.5,false
20251103,3,3,2,80,12.02,2.28,2.29,63.41,false
20251110,1,1,2,80,9.25,1.04,1.92,67.79,false
20251110,1,2,2,80,5.15,4.87,3.06,66.92,false
20251110,1,3,2,80,4.65,3.8,0.19,71.36,false
20251110,2,1,2,80,6.1,4,2.41,67.49,false
20251110,2,2,2,80,11.35,5.33,2.39,60.93,false
20251110,2,3,2,80,8.14,1.37,2.77,67.72,false
20251110,3,1,2,80,3.87,1.19,2.84,72.1,false
20251110,3,2,2,80,3.96,0.96,0.81,74.27,false
20251110,3,3,2,80,5.58,3.04,1.43,69.95,false
20251117,1,1,2,80,2.88,3.9,2.66,70.56,false
20251117,1,2,2,80,1.7,5.46,2.15,70.69,false
20251117,1,3,2,80,4.98,2.22,2.35,70.45,false
20251117,2,1,2,80,5.84,3.94,1.58,68.64,false
20251117,2,2,2,80,11.35,3.44,0.99,64.22,false
20251117,2,3,2,80,8.51,5.22,1.82,64.45,false
20251117,3,1,2,80,1.58,1.24,3.09,74.09,false
20251117,3,2,2,80,2.02,4.6,2,71.38,false
20251117,3,3,2,80,6.8,5.89,2.35,64.96,false
20251124,1,1,2,80,10.07,6.72,3.96,59.25,false
20251124,1,2,2,80,4.59,4.9,0.97,69.54,false
20251124,1,3,2,80,4.45,7.12,1.23,67.2,false
20251124,2,1,2,80,8.24,6.21,3.86,61.69,false
20251124,2,2,2,80,6.07,1.76,3.1,69.07,false
20251124,2,3,2,80,3.35,1.25,1.77,73.63,false
20251124,3,1,2,80,1.22,3.33,1.47,73.98,false
20251124,3,2,2,80,4.21,4.72,2.89,68.18,false
20251124,3,3,2,80,2.3,4.01,2.05,71.64,false
20251201,1,1,2,80,7.1,3.21,1.73,67.96,false
20251201,1,2,2,80,11.92,3.83,0.23,64.02,false
20251201,1,3,2,80,8.83,2.34,4,64.83,false
20251201,2,1,2,80,8.87,4.67,0.53,65.93,false
20251201,2,2,2,80,8.22,2.51,0.39,68.88,false
20251201,2,3,2,80,4.03,0.31,0.83,74.83,false
20251201,3,1,2,80,2.65,5.02,1.58,70.75,false
20251201,3,2,2,80,4.55,4.2,0.8,70.45,false
20251201,3,3,2,80,6.97,1.52,2.77,68.74,false
20251208,1,1,2,80,6.36,7.25,1.18,65.21,false
20251208,1,2,2,80,3.9,6.72,3.48,65.9,false
20251208,1,3,2,80,2.29,1.91,3.36,72.44,false
20251208,2,1,2,80,4.96,2.36,1.14,71.54,false
20251208,2,2,2,80,8.11,2.16,1.84,67.89,false
20251208,2,3,2,80,10.59,1.73,1.42,66.26,false
20251208,3,1,2,80,3.77,2.09,2.28,71.86,false
20251208,3,2,2,80,5.17,1.81,1.05,71.97,false
20251208,3,3,2,80,7.09,3.92,0.58,68.41,false
20251215,1,1,2,80,3.32,2.91,2.06,71.71,false
20251215,1,2,2,80,6.8,5.08,0.6,67.52,false
20251215,1,3,2,80,6.04,3.17,1.67,69.12,false
20251215,2,1,2,80,8.23,2.31,4.8,64.66,false
20251215,2,2,2,80,6.39,1.79,1.03,70.79,false
20251215,2,3,2,80,8.23,2.49,0.44,68.84,false
20251215,3,1,2,80,3.14,1.34,3.32,72.2,false
20251215,3,2,2,80,9.04,5.68,2.23,63.05,false
20251215,3,3,2,80,3.52,3.37,1.34,71.77,false
20251222,1,1,2,80,2.35,5.75,0.31,71.59,false
20251222,1,2,2,80,3.83,2.18,1.34,72.65,false
20251222,1,3,2,80,5.11,1.93,0.22,72.74,false
20251222,2,1,2,80,2.84,5.91,2.8,68.45,false
20251222,2,2,2,80,4.19,2.64,1.71,71.46,false
20251222,2,3,2,80,5.39,6.87,0.91,66.83,false
20251222,3,1,2,80,4.71,2.85,0.77,71.67,false
20251222,3,2,2,80,2.92,5.21,1.66,70.21,false
20251222,3,3,2,80,6.23,2.51,3.53,67.73,false
20251229,1,1,2,80,4.92,3,2.68,69.4,false
20251229,1,2,2,80,1.2,3.33,4.29,71.18,false
20251229,1,3,2,80,1.27,2.42,2.95,73.36,false
20251229,2,1,2,80,1.74,1.64,0.8,75.82,false
20251229,2,2,2,80,4.58,3.6,1.02,70.8,false
20251229,2,3,2,80,2.35,2.77,0.65,74.23,false
20251229,3,1,2,80,5.4,4.58,1.63,68.39,false
20251229,3,2,2,80,6.75,3.91,0.39,68.95,false
20251229,3,3,2,80,2.97,4.58,1.8,70.65,false
20260105,1,1,2,80,5.5,6.29,4.06,64.15,false
20260105,1,2,2,80,4.71,3.68,2.45,69.16,false
20260105,1,3,2,80,8.14,5.27,2.54,64.05,false
20260105,2,1,2,80,5.72,3.2,2.66,68.42,false
20260105,2,2,2,80,6.41,1.25,1.74,70.6,false
20260105,2,3,2,80,7.63,1.76,4.44,66.17,false
20260105,3,1,2,80,3.38,1.83,3.97,70.82,false
20260105,3,2,2,80,4.11,3.41,1.18,71.3,false
20260105,3,3,2,80,7.87,4.63,1.98,65.52,false
20260112,1,1,2,80,3.12,2.34,1.04,73.5,false
20260112,1,2,2,80,3.92,5.52,1.82,68.74,false
20260112,1,3,2,80,3.18,2.89,1.51,72.42,false
20260112,2,1,2,80,3.07,3.6,1.28,72.05,false
20260112,2,2,2,80,3.14,2.49,1.19,73.18,false
20260112,2,3,2,80,1.98,2.11,0.75,75.16,false
20260112,3,1,2,80,7.6,0.76,0.98,70.66,false
20260112,3,2,2,80,4.49,1.41,4.3,69.8,false
20260112,3,3,2,80,4.64,1.33,1.06,72.97,false
20260119,1,1,2,80,4.74,5.48,1.13,68.65,false
20260119,1,2,2,80,2.65,2.27,1.62,73.46,false
20260119,1,3,2,80,1.79,3.51,3.3,71.4,false
20260119,2,1,2,80,4.79,5.57,1.7,67.94,false
20260119,2,2,2,80,10.25,1.99,1.4,66.36,false
20260119,2,3,2,80,8.73,3.19,2.19,65.89,false
20260119,3,1,2,80,9.16,1.74,0.69,68.41,false
20260119,3,2,2,80,5.83,5.51,3.02,65.64,false
20260119,3,3,2,80,6.11,5.46,2.55,65.88,false
20260126,1,1,2,80,1.62,2.79,2.83,72.76,false
20260126,1,2,2,80,6.08,7.28,3.57,63.07,false
20260126,1,3,2,80,5.82,4.5,3.51,66.17,false
20260126,2,1,2,80,7.51,5.25,3.52,63.72,false
20260126,2,2,2,80,2.04,5.63,3.84,68.49,false
20260126,2,3,2,80,11.36,6.44,0.45,61.75,false
20260126,3,1,2,80,4.43,3.69,2.12,69.76,false
20260126,3,2,2,80,12.51,3.96,0.47,63.06,false
20260126,3,3,2,80,1.06,2.19,1.21,75.54,false
20260202,1,1,2,80,4.75,5.6,4.15,65.5,false
20260202,1,2,2,80,5.39,2.64,2.82,69.15,false
20260202,1,3,2,80,10.25,2.77,2.92,64.06,false
20260202,2,1,2,80,1.64,4.02,1.72,72.62,false
20260202,2,2,2,80,9.5,4.14,1.92,64.44,false
20260202,2,3,2,80,3.59,5.64,3.07,67.7,false
20260202,3,1,2,80,6.99,4.64,1.19,67.18,false
20260202,3,2,2,80,2.44,1.49,1.57,74.5,false
20260202,3,3,2,80,7.68,2.17,1.86,68.29,false
20260209,1,1,2,80,3.66,0.96,0.93,74.45,false
20260209,1,2,2,80,4.93,2.74,0.77,71.56,false
20260209,1,3,2,80,4.42,3.26,1.15,71.17,false
20260209,2,1,2,80,2.01,5.08,3.77,69.14,false
20260209,2,2,2,80,2.39,0.8,2.03,74.78,false
20260209,2,3,2,80,8.67,2.11,1.33,67.89,false
20260209,3,1,2,80,4.32,2.98,2.03,70.67,false
20260209,3,2,2,80,4.64,1.18,1.03,73.15,false
20260209,3,3,2,80,3.11,4.63,1.89,70.37,false
20260216,1,1,2,80,1.96,4.75,0.65,72.64,false
20260216,1,2,2,80,9.1,1.12,3,66.78,false
20260216,1,3,2,80,6.34,1.03,2.27,70.36,false
20260216,2,1,2,80,7.82,4.36,3.56,64.26,false
20260216,2,2,2,80,1.56,5.08,1,72.36,false
20260216,2,3,2,80,4.55,5.63,2.88,66.94,false
20260216,3,1,2,80,1.7,1.62,1.51,75.17,false
20260216,3,2,2,80,6.93,2.1,1.2,69.77,false
20260216,3,3,2,80,6.77,1.69,2.41,69.13,false
20260223,1,1,2,80,2.26,5.27,1.43,71.04,false
20260223,1,2,2,80,1.49,3.46,3.26,71.79,false
20260223,1,3,2,80,2.65,0.54,1.11,75.7,false
20260223,2,1,2,80,4.22,5.53,4.42,65.83,false
20260223,2,2,2,80,3.28,4.15,3.57,69,false
20260223,2,3,2,80,1.14,0.11,3.28,75.47,false
20260223,3,1,2,80,1.56,5.03,2.71,70.7,false
20260223,3,2,2,80,5.81,6.09,0.37,67.73,false
20260223,3,3,2,80,8.72,1.27,4.73,65.28,false
20260302,1,1,2,80,4.17,1.96,2.52,71.35,false
20260302,1,2,2,80,6.66,3.82,1.94,67.58,false
20260302,1,3,2,80,8.04,1.98,2.74,67.24,false
20260302,2,1,2,80,5.45,2.15,0.87,71.53,false
20260302,2,2,2,80,6.85,4.61,2.81,65.73,false
20260302,2,3,2,80,4.75,6.13,1.43,67.69,false
20260302,3,1,2,80,8.73,4.42,1.33,65.52,false
20260302,3,2,2,80,3.37,2.85,0.57,73.21,false
20260302,3,3,2,80,2.44,3.74,1.27,72.55,false
20260309,1,1,2,80,1.97,3.61,1.09,73.33,false
20260309,1,2,2,80,5.46,2.49,1.18,70.87,false
20260309,1,3,2,80,3.15,1.99,2.07,72.79,false
20260309,2,1,2,80,1.64,2.42,1.19,74.75,false
20260309,2,2,2,80,3.43,3.36,3.69,69.52,false
20260309,2,3,2,80,3.36,3.59,3.56,69.49,false
20260309,3,1,2,80,6.39,1.61,0.83,71.17,false
20260309,3,2,2,80,5.92,4.71,2.34,67.03,false
20260309,3,3,2,80,2.81,1.84,0.59,74.76,false
20260316,1,1,2,80,11.01,3.75,3.21,62.03,false
20260316,1,2,2,80,4.71,3.65,3.29,68.35,false
20260316,1,3,2,80,5.53,1.98,2.45,70.04,false
20260316,2,1,2,80,5.82,7.23,1.82,65.13,false
20260316,2,2,2,80,7.94,4.99,1.22,65.85,false
20260316,2,3,2,80,1.06,3.94,4.26,70.74,false
20260316,3,1,2,80,2.89,5.37,1.18,70.56,false
20260316,3,2,2,80,3.23,6.04,1.4,69.33,false
20260316,3,3,2,80,3.75,1.96,0.81,73.48,false
20260323,1,1,2,80,2.85,2.64,3.31,71.2,false
20260323,1,2,2,80,4.32,2.87,0.15,72.66,false
20260323,1,3,2,80,0.67,2.19,0.87,76.27,false
20260323,2,1,2,80,7.03,3.97,2.3,66.7,false
20260323,2,2,2,80,3.79,1.79,0.4,74.02,false
20260323,2,3,2,80,7.57,1.78,4,66.65,false
20260323,3,1,2,80,4.82,0.74,1.03,73.41,false
20260323,3,2,2,80,5.59,2.82,3.13,68.46,false
20260323,3,3,2,80,7.08,6.73,2.96,63.23,false
20260330,1,1,2,80,3.26,0.38,1.13,75.23,false
20260330,1,2,2,80,6.89,5.64,1.43,66.04,false
20260330,1,3,2,80,7.52,2.2,2.51,67.77,false
20260330,2,1,2,80,9.61,5.1,0.64,64.65,false
20260330,2,2,2,80,8.98,3.61,0.74,66.67,false
20260330,2,3,2,80,5.77,2.33,3.59,68.31,false
20260330,3,1,2,80,2.33,2.3,1.86,73.51,false
20260330,3,2,2,80,8.23,2.03,0.97,68.77,false
20260330,3,3,2,80,4.32,4.25,1.27,70.16,false
20260406,1,1,2,80,9.17,5.15,3.91,61.77,false
20260406,1,2,2,80,7.29,0.9,2.99,68.82,false
20260406,1,3,2,80,7.6,2.19,0.72,69.49,false
20260406,2,1,2,80,9.58,5.17,1.66,63.59,false
20260406,2,2,2,80,7.17,2.14,3.12,67.57,false
20260406,2,3,2,80,8.64,2.51,1.88,66.97,false
20260406,3,1,2,80,3.18,7.3,1.71,67.81,false
20260406,3,2,2,80,7.67,4.19,3.19,64.95,false
20260406,3,3,2,80,3.01,4.11,2.2,70.68,false
20260413,1,1,2,80,9.86,3.12,3.98,63.04,false
20260413,1,2,2,80,9.3,3.93,2.39,64.38,false
20260413,1,3,2,80,1.58,7.13,1.16,70.13,false
20260413,2,1,2,80,5.37,4.93,3.67,66.03,false
20260413,2,2,2,80,5.41,4.59,1.54,68.46,false
20260413,2,3,2,80,1.28,4.62,2.74,71.36,false
20260413,3,1,2,80,10.99,1.74,1.91,65.36,false
20260413,3,2,2,80,8.25,3.49,3.7,64.56,false
20260413,3,3,2,80,3.68,1.86,0.93,73.53,false
20260420,1,1,2,80,3.71,2.41,1.07,72.81,false
20260420,1,2,2,80,8.32,3.43,2.69,65.56,false
20260420,1,3,2,80,3.89,1.72,1.94,72.45,false
20260420,2,1,2,80,5.34,6.18,1.43,67.05,false
20260420,2,2,2,80,4.74,3.08,2.35,69.83,false
20260420,2,3,2,80,5.14,1.57,1.53,71.76,false
20260420,3,1,2,80,6.46,3.48,1.42,68.64,false
20260420,3,2,2,80,4.14,2.49,1.39,71.98,false
20260420,3,3,2,80,8.96,5.3,1.96,63.78,false
20260427,1,1,2,80,3.32,4.33,1.59,70.76,false
20260427,1,2,2,80,10.54,1.4,1.3,66.76,false
20260427,1,3,2,80,4.44,1.21,3.42,70.93,false
20260427,2,1,2,80,2.41,1.66,0.58,75.35,false
20260427,2,2,2,80,1.37,0.44,1.74,76.45,false
20260427,2,3,2,80,6.29,4.14,0.72,68.85,false
20260427,3,1,2,80,7.62,2.65,1.74,67.99,false
20260427,3,2,2,80,2.9,3.58,0.85,72.67,false
20260427,3,3,2,80,6.06,2.37,2.87,68.7,false
20260504,1,1,2,80,4.17,4.54,0.92,70.37,false
20260504,1,2,2,80,6.82,1.98,2.98,68.22,false
20260504,1,3,2,80,10.73,5.67,3.09,60.51,false
20260504,2,1,2,80,3.42,6.35,3.11,67.12,false
20260504,2,2,2,80,9.01,3.34,4.53,63.12,false
20260504,2,3,2,80,3.68,1.43,1.04,73.85,false
20260504,3,1,2,80,4.8,2.37,2.66,70.17,false
20260504,3,2,2,80,3.76,1.35,0.62,74.27,false
20260504,3,3,2,80,6.09,2.85,2.78,68.28,false
20260511,1,1,2,80,5.19,2.75,1.68,70.38,false
20260511,1,2,2,80,7.09,3.24,2.99,66.68,false
20260511,1,3,2,80,4.74,5.11,1.31,68.84,false
20260511,2,1,2,80,8.08,6.31,1.8,63.81,false
20260511,2,2,2,80,12.52,2.52,2.28,62.68,false
20260511,2,3,2,80,2.2,1.98,2.77,73.05,false
20260511,3,1,2,80,4.07,2.79,1.53,71.61,false
20260511,3,2,2,80,0.71,1.49,2.71,75.09,false
20260511,3,3,2,80,2.74,4.14,0.62,72.5,false
20260518,1,1,2,80,2.36,1.36,3.22,73.06,false
20260518,1,2,2,80,3.61,5.48,4.44,66.47,false
20260518,1,3,2,80,4.45,1.84,0.77,72.94,false
20260518,2,1,2,80,4.97,4.79,0.89,69.35,false
20260518,2,2,2,80,0.83,5.32,1.45,72.4,false
20260518,2,3,2,80,3.59,2.4,3.93,70.08,false
20260518,3,1,2,80,4.7,5.47,0.35,69.48,false
20260518,3,2,2,80,7.76,1.38,1.46,69.4,false
20260518,3,3,2,80,3.17,3.56,3.6,69.67,false
20260525,1,1,2,80,2.12,1.17,1.53,75.18,false
20260525,1,2,2,80,7.14,2.16,2.27,68.43,false
20260525,1,3,2,80,4.32,1.85,2.49,71.34,false
20260525,2,1,2,80,5,2.19,0.21,72.6,false
20260525,2,2,2,80,4.58,1.17,1.48,72.77,false
20260525,2,3,2,80,4.9,4.9,0.83,69.37,false
20260525,3,1,2,80,6.61,2.1,1.94,69.35,false
20260525,3,2,2,80,4.99,0.79,1.86,72.36,false
20260525,3,3,2,80,2.13,2.2,0.65,75.02,false
20260601,1,1,2,80,9.04,4.11,0.7,66.15,false
20260601,1,2,2,80,8.71,1.4,2.23,67.66,false
20260601,1,3,2,80,4.98,2.05,1.63,71.34,false
20260601,2,1,2,80,3.25,5.78,0.99,69.98,false
20260601,2,2,2,80,2.22,2.48,0.19,75.11,false
20260601,2,3,2,80,10.48,5.64,1.39,62.49,false
20260601,3,1,2,80,5.77,2.38,0.81,71.04,false
20260601,3,2,2,80,6.56,3.45,2.68,67.31,false
20260601,3,3,2,80,4.79,5.97,0.94,68.3,false
20260608,1,1,2,80,6.99,3,1.1,68.91,false
20260608,1,2,2,80,10.94,6.1,1.85,61.11,false
20260608,1,3,2,80,9.09,6.23,3.81,60.87,false
20260608,2,1,2,80,7.61,3.03,2.27,67.09,false
20260608,2,2,2,80,2.1,0.74,1.71,75.45,false
20260608,2,3,2,80,3.95,2.62,1.31,72.12,false
20260608,3,1,2,80,10.24,4.5,1.6,63.66,false
20260608,3,2,2,80,1.27,2.72,1.24,74.77,false
20260608,3,3,2,80,6.59,1.44,2.33,69.64,false
20260615,1,1,2,80,4.08,1.77,2.44,71.71,false
20260615,1,2,2,80,1.81,5.71,3.92,68.56,false
20260615,1,3,2,80,9.85,4.34,2.77,63.04,false
20260615,2,1,2,80,2.36,1.81,1.55,74.28,false
20260615,2,2,2,80,1.87,5.06,3.76,69.31,false
20260615,2,3,2,80,8.71,0.83,4.3,66.16,false
20260615,3,1,2,80,3.34,4.09,2.22,70.35,false
20260615,3,2,2,80,6.37,4.23,2.6,66.8,false
20260615,3,3,2,80,7.65,0.95,2.53,68.87,false
20260622,1,1,2,80,4.13,3.85,1.82,70.2,false
20260622,1,2,2,80,1.94,2.22,1.64,74.2,false
20260622,1,3,2,80,8.83,2.46,1.25,67.46,false
20260622,2,1,2,80,5.67,0.43,0.48,73.42,false
20260622,2,2,2,80,9.64,4.95,3.36,62.05,false
20260622,2,3,2,80,7.46,1.41,0.97,70.16,false
20260622,3,1,2,80,3.01,1.31,1.23,74.45,false
20260622,3,2,2,80,1.89,1.46,0.38,76.27,false
20260622,3,3,2,80,4.17,3.63,1.32,70.88,false
20260629,1,1,2,80,2.59,0.5,1.72,75.19,false
20260629,1,2,2,80,6.93,5.66,1.71,65.7,false
20260629,1,3,2,80,10.61,2.48,1.96,64.95,false
20260629,2,1,2,80,3.16,2.25,0.82,73.77,false
20260629,2,2,2,80,7.01,1.04,0.9,71.05,false
20260629,2,3,2,80,10.06,2.61,2.54,64.79,false
20260629,3,1,2,80,3.54,3.25,0.8,72.41,false
20260629,3,2,2,80,1.58,1.65,1.63,75.14,false
20260629,3,3,2,80,5.91,5.44,0.82,67.83,false
